0 verbose cli C:\Program Files\nodejs\node.exe C:\Program Files\nodejs\node_modules\npm\bin\npm-cli.js
1 info using npm@11.9.0
2 info using node@v24.14.0
3 silly config load:file:C:\Program Files\nodejs\node_modules\npm\npmrc
4 silly config load:file:C:\Local Disk D_22420261652\LENOVO BACKUP\VOLUME D BACKUP\Project\rag-chatbot\frontend\.npmrc
5 silly config load:file:C:\Users\manda\.npmrc
6 silly config load:file:C:\Users\manda\AppData\Roaming\npm\etc\npmrc
7 verbose title npm install
8 verbose argv "install" "--cache" "..\\.cache\\npm-cache"
9 verbose logfile logs-max:10 dir:C:\Local Disk D_22420261652\LENOVO BACKUP\VOLUME D BACKUP\Project\rag-chatbot\.cache\npm-cache\_logs\2026-05-07T12_06_08_097Z-
10 verbose logfile C:\Local Disk D_22420261652\LENOVO BACKUP\VOLUME D BACKUP\Project\rag-chatbot\.cache\npm-cache\_logs\2026-05-07T12_06_08_097Z-debug-0.log
11 silly logfile done cleaning log files
12 silly packumentCache heap:4496293888 maxSize:1124073472 maxEntrySize:562036736
13 silly idealTree buildDeps
14 silly fetch manifest @vitejs/plugin-react@^4.3.4
15 silly packumentCache full:https://registry.npmjs.org/@vitejs%2fplugin-react cache-miss
16 http fetch GET 200 https://registry.npmjs.org/@vitejs%2fplugin-react 90ms (cache miss)
17 silly packumentCache full:https://registry.npmjs.org/@vitejs%2fplugin-react set size:undefined disposed:false
18 silly fetch manifest vite@^6.0.7
19 silly packumentCache full:https://registry.npmjs.org/vite cache-miss
20 http fetch GET 200 https://registry.npmjs.org/npm 202ms
21 http fetch GET 200 https://registry.npmjs.org/vite 1568ms (cache miss)
22 silly packumentCache full:https://registry.npmjs.org/vite set size:undefined disposed:false
23 silly fetch manifest @types/node@^18.0.0 || ^20.0.0 || >=22.0.0
24 silly packumentCache full:https://registry.npmjs.org/@types%2fnode cache-miss
25 http fetch GET 200 https://registry.npmjs.org/@types%2fnode 475ms (cache miss)
26 silly packumentCache full:https://registry.npmjs.org/@types%2fnode set size:undefined disposed:false
27 silly fetch manifest jiti@>=1.21.0
28 silly packumentCache full:https://registry.npmjs.org/jiti cache-miss
29 http fetch GET 200 https://registry.npmjs.org/jiti 63ms (cache miss)
30 silly packumentCache full:https://registry.npmjs.org/jiti set size:undefined disposed:false
31 silly fetch manifest less@*
32 silly packumentCache full:https://registry.npmjs.org/less cache-miss
33 http fetch GET 200 https://registry.npmjs.org/less 73ms (cache miss)
34 silly packumentCache full:https://registry.npmjs.org/less set size:undefined disposed:false
35 silly fetch manifest lightningcss@^1.21.0
36 silly packumentCache full:https://registry.npmjs.org/lightningcss cache-miss
37 http fetch GET 200 https://registry.npmjs.org/lightningcss 47ms (cache miss)
38 silly packumentCache full:https://registry.npmjs.org/lightningcss set size:undefined disposed:false
39 silly fetch manifest sass@*
40 silly packumentCache full:https://registry.npmjs.org/sass cache-miss
41 http fetch GET 200 https://registry.npmjs.org/sass 108ms (cache miss)
42 silly packumentCache full:https://registry.npmjs.org/sass set size:undefined disposed:false
43 silly fetch manifest sass-embedded@*
44 silly packumentCache full:https://registry.npmjs.org/sass-embedded cache-miss
45 http fetch GET 200 https://registry.npmjs.org/sass-embedded 63ms (cache miss)
46 silly packumentCache full:https://registry.npmjs.org/sass-embedded set size:undefined disposed:false
47 silly fetch manifest stylus@*
48 silly packumentCache full:https://registry.npmjs.org/stylus cache-miss
49 http fetch GET 200 https://registry.npmjs.org/stylus 53ms (cache miss)
50 silly packumentCache full:https://registry.npmjs.org/stylus set size:undefined disposed:false
51 silly fetch manifest sugarss@*
52 silly packumentCache full:https://registry.npmjs.org/sugarss cache-miss
53 http fetch GET 200 https://registry.npmjs.org/sugarss 37ms (cache miss)
54 silly packumentCache full:https://registry.npmjs.org/sugarss set size:undefined disposed:false
55 silly fetch manifest postcss@^8.4.49
56 silly packumentCache full:https://registry.npmjs.org/postcss cache-miss
57 http fetch GET 200 https://registry.npmjs.org/postcss 139ms (cache miss)
58 silly packumentCache full:https://registry.npmjs.org/postcss set size:undefined disposed:false
59 silly fetch manifest terser@^5.16.0
60 silly packumentCache full:https://registry.npmjs.org/terser cache-miss
61 http fetch GET 200 https://registry.npmjs.org/terser 86ms (cache miss)
62 silly packumentCache full:https://registry.npmjs.org/terser set size:undefined disposed:false
63 silly fetch manifest tsx@^4.8.1
64 silly packumentCache full:https://registry.npmjs.org/tsx cache-miss
65 http fetch GET 200 https://registry.npmjs.org/tsx 57ms (cache miss)
66 silly packumentCache full:https://registry.npmjs.org/tsx set size:undefined disposed:false
67 silly fetch manifest yaml@^2.4.2
68 silly packumentCache full:https://registry.npmjs.org/yaml cache-miss
69 http fetch GET 200 https://registry.npmjs.org/yaml 55ms (cache miss)
70 silly packumentCache full:https://registry.npmjs.org/yaml set size:undefined disposed:false
71 silly fetch manifest axios@^1.7.9
72 silly packumentCache full:https://registry.npmjs.org/axios cache-miss
73 http fetch GET 200 https://registry.npmjs.org/axios 70ms (cache miss)
74 silly packumentCache full:https://registry.npmjs.org/axios set size:undefined disposed:false
75 silly fetch manifest lucide-react@^0.468.0
76 silly packumentCache full:https://registry.npmjs.org/lucide-react cache-miss
77 http fetch GET 200 https://registry.npmjs.org/lucide-react 370ms (cache miss)
78 silly packumentCache full:https://registry.npmjs.org/lucide-react set size:undefined disposed:false
79 silly fetch manifest react@^18.3.1
80 silly packumentCache full:https://registry.npmjs.org/react cache-miss
81 http fetch GET 200 https://registry.npmjs.org/react 391ms (cache miss)
82 silly packumentCache full:https://registry.npmjs.org/react set size:undefined disposed:false
83 silly fetch manifest react-dom@^18.3.1
84 silly packumentCache full:https://registry.npmjs.org/react-dom cache-miss
85 http fetch GET 200 https://registry.npmjs.org/react-dom 375ms (cache miss)
86 silly packumentCache full:https://registry.npmjs.org/react-dom set size:undefined disposed:false
87 silly fetch manifest autoprefixer@^10.4.20
88 silly packumentCache full:https://registry.npmjs.org/autoprefixer cache-miss
89 http fetch GET 200 https://registry.npmjs.org/autoprefixer 96ms (cache miss)
90 silly packumentCache full:https://registry.npmjs.org/autoprefixer set size:undefined disposed:false
91 silly fetch manifest tailwindcss@^3.4.17
92 silly packumentCache full:https://registry.npmjs.org/tailwindcss cache-miss
93 http fetch GET 200 https://registry.npmjs.org/tailwindcss 373ms (cache miss)
94 silly packumentCache full:https://registry.npmjs.org/tailwindcss set size:undefined disposed:false
95 silly placeDep ROOT @vitejs/plugin-react@4.7.0 OK for: ai-document-search@1.0.0 want: ^4.3.4
96 silly placeDep ROOT vite@6.4.2 OK for: @vitejs/plugin-react@4.7.0 want: ^4.2.0 || ^5.0.0 || ^6.0.0 || ^7.0.0
97 silly placeDep ROOT autoprefixer@10.5.0 OK for: ai-document-search@1.0.0 want: ^10.4.20
98 silly placeDep ROOT postcss@8.5.14 OK for: autoprefixer@10.5.0 want: ^8.1.0
99 silly placeDep ROOT axios@1.16.0 OK for: ai-document-search@1.0.0 want: ^1.7.9
100 silly placeDep ROOT lucide-react@0.468.0 OK for: ai-document-search@1.0.0 want: ^0.468.0
101 silly placeDep ROOT react@18.3.1 OK for: lucide-react@0.468.0 want: ^16.5.1 || ^17.0.0 || ^18.0.0 || ^19.0.0-rc
102 silly placeDep ROOT react-dom@18.3.1 OK for: ai-document-search@1.0.0 want: ^18.3.1
103 silly placeDep ROOT tailwindcss@3.4.19 OK for: ai-document-search@1.0.0 want: ^3.4.17
104 silly fetch manifest @babel/core@^7.28.0
105 silly packumentCache full:https://registry.npmjs.org/@babel%2fcore cache-miss
106 silly fetch manifest react-refresh@^0.17.0
107 silly packumentCache full:https://registry.npmjs.org/react-refresh cache-miss
108 silly fetch manifest @types/babel__core@^7.20.5
109 silly packumentCache full:https://registry.npmjs.org/@types%2fbabel__core cache-miss
110 silly fetch manifest @rolldown/pluginutils@1.0.0-beta.27
111 silly packumentCache full:https://registry.npmjs.org/@rolldown%2fpluginutils cache-miss
112 silly fetch manifest @babel/plugin-transform-react-jsx-self@^7.27.1
113 silly packumentCache full:https://registry.npmjs.org/@babel%2fplugin-transform-react-jsx-self cache-miss
114 silly fetch manifest @babel/plugin-transform-react-jsx-source@^7.27.1
115 silly packumentCache full:https://registry.npmjs.org/@babel%2fplugin-transform-react-jsx-source cache-miss
116 silly fetch manifest fdir@^6.4.4
117 silly packumentCache full:https://registry.npmjs.org/fdir cache-miss
118 silly fetch manifest rollup@^4.34.9
119 silly packumentCache full:https://registry.npmjs.org/rollup cache-miss
120 silly fetch manifest esbuild@^0.25.0
121 silly packumentCache full:https://registry.npmjs.org/esbuild cache-miss
122 silly fetch manifest postcss@^8.5.3
123 silly packumentCache full:https://registry.npmjs.org/postcss cache-miss
124 silly fetch manifest picomatch@^4.0.2
125 silly packumentCache full:https://registry.npmjs.org/picomatch cache-miss
126 http cache https://registry.npmjs.org/postcss 49ms (cache hit)
127 silly packumentCache full:https://registry.npmjs.org/postcss set size:720302 disposed:false
128 silly fetch manifest tinyglobby@^0.2.13
129 silly packumentCache full:https://registry.npmjs.org/tinyglobby cache-miss
130 http fetch GET 200 https://registry.npmjs.org/@babel%2fcore 140ms (cache miss)
131 silly packumentCache full:https://registry.npmjs.org/@babel%2fcore set size:undefined disposed:false
132 silly fetch manifest fsevents@~2.3.3
133 silly packumentCache full:https://registry.npmjs.org/fsevents cache-miss
134 http fetch GET 200 https://registry.npmjs.org/@types%2fbabel__core 154ms (cache miss)
135 silly packumentCache full:https://registry.npmjs.org/@types%2fbabel__core set size:undefined disposed:false
136 silly fetch manifest browserslist@^4.28.2
137 silly packumentCache full:https://registry.npmjs.org/browserslist cache-miss
138 http fetch GET 200 https://registry.npmjs.org/@babel%2fplugin-transform-react-jsx-self 176ms (cache miss)
139 silly packumentCache full:https://registry.npmjs.org/@babel%2fplugin-transform-react-jsx-self set size:undefined disposed:false
140 silly fetch manifest caniuse-lite@^1.0.30001787
141 silly packumentCache full:https://registry.npmjs.org/caniuse-lite cache-miss
142 http fetch GET 200 https://registry.npmjs.org/picomatch 183ms (cache miss)
143 silly packumentCache full:https://registry.npmjs.org/picomatch set size:undefined disposed:false
144 silly fetch manifest fraction.js@^5.3.4
145 silly packumentCache full:https://registry.npmjs.org/fraction.js cache-miss
146 http fetch GET 200 https://registry.npmjs.org/fdir 188ms (cache miss)
147 silly packumentCache full:https://registry.npmjs.org/fdir set size:undefined disposed:false
148 silly fetch manifest picocolors@^1.1.1
149 silly packumentCache full:https://registry.npmjs.org/picocolors cache-miss
150 http fetch GET 200 https://registry.npmjs.org/@babel%2fplugin-transform-react-jsx-source 202ms (cache miss)
151 silly packumentCache full:https://registry.npmjs.org/@babel%2fplugin-transform-react-jsx-source set size:undefined disposed:false
152 silly fetch manifest postcss-value-parser@^4.2.0
153 silly packumentCache full:https://registry.npmjs.org/postcss-value-parser cache-miss
154 http fetch GET 200 https://registry.npmjs.org/@rolldown%2fpluginutils 212ms (cache miss)
155 silly packumentCache full:https://registry.npmjs.org/@rolldown%2fpluginutils set size:undefined disposed:false
156 silly fetch manifest nanoid@^3.3.11
157 silly packumentCache full:https://registry.npmjs.org/nanoid cache-miss
158 http fetch GET 200 https://registry.npmjs.org/fsevents 99ms (cache miss)
159 silly packumentCache full:https://registry.npmjs.org/fsevents set size:undefined disposed:false
160 silly fetch manifest picocolors@^1.1.1
161 silly packumentCache full:https://registry.npmjs.org/picocolors cache-miss
162 http fetch GET 200 https://registry.npmjs.org/fraction.js 89ms (cache miss)
163 silly packumentCache full:https://registry.npmjs.org/fraction.js set size:undefined disposed:false
164 silly fetch manifest source-map-js@^1.2.1
165 silly packumentCache full:https://registry.npmjs.org/source-map-js cache-miss
166 http fetch GET 200 https://registry.npmjs.org/picocolors 91ms (cache miss)
167 silly packumentCache full:https://registry.npmjs.org/picocolors set size:undefined disposed:false
168 silly fetch manifest form-data@^4.0.5
169 silly packumentCache full:https://registry.npmjs.org/form-data cache-miss
170 http fetch GET 200 https://registry.npmjs.org/postcss-value-parser 106ms (cache miss)
171 silly packumentCache full:https://registry.npmjs.org/postcss-value-parser set size:undefined disposed:false
172 silly fetch manifest proxy-from-env@^2.1.0
173 silly packumentCache full:https://registry.npmjs.org/proxy-from-env cache-miss
174 http fetch GET 200 https://registry.npmjs.org/tinyglobby 263ms (cache miss)
175 silly packumentCache full:https://registry.npmjs.org/tinyglobby set size:undefined disposed:false
176 silly fetch manifest follow-redirects@^1.16.0
177 silly packumentCache full:https://registry.npmjs.org/follow-redirects cache-miss
178 http fetch GET 200 https://registry.npmjs.org/browserslist 176ms (cache miss)
179 silly packumentCache full:https://registry.npmjs.org/browserslist set size:undefined disposed:false
180 silly fetch manifest loose-envify@^1.1.0
181 silly packumentCache full:https://registry.npmjs.org/loose-envify cache-miss
182 http fetch GET 200 https://registry.npmjs.org/picocolors 100ms (cache miss)
183 silly packumentCache full:https://registry.npmjs.org/picocolors set size:undefined disposed:false
184 silly fetch manifest scheduler@^0.23.2
185 silly packumentCache full:https://registry.npmjs.org/scheduler cache-miss
186 http fetch GET 200 https://registry.npmjs.org/source-map-js 101ms (cache miss)
187 silly packumentCache full:https://registry.npmjs.org/source-map-js set size:undefined disposed:false
188 silly fetch manifest loose-envify@^1.1.0
189 silly packumentCache full:https://registry.npmjs.org/loose-envify cache-miss
190 http fetch GET 200 https://registry.npmjs.org/form-data 120ms (cache miss)
191 silly packumentCache full:https://registry.npmjs.org/form-data set size:undefined disposed:false
192 silly fetch manifest arg@^5.0.2
193 silly packumentCache full:https://registry.npmjs.org/arg cache-miss
194 http fetch GET 200 https://registry.npmjs.org/nanoid 196ms (cache miss)
195 silly packumentCache full:https://registry.npmjs.org/nanoid set size:undefined disposed:false
196 silly fetch manifest dlv@^1.1.3
197 silly packumentCache full:https://registry.npmjs.org/dlv cache-miss
198 http fetch GET 200 https://registry.npmjs.org/proxy-from-env 106ms (cache miss)
199 silly packumentCache full:https://registry.npmjs.org/proxy-from-env set size:undefined disposed:false
200 silly fetch manifest jiti@^1.21.7
201 silly packumentCache full:https://registry.npmjs.org/jiti cache-miss
202 http cache https://registry.npmjs.org/jiti 6ms (cache hit)
203 silly packumentCache full:https://registry.npmjs.org/jiti set size:387989 disposed:false
204 silly fetch manifest is-glob@^4.0.3
205 silly packumentCache full:https://registry.npmjs.org/is-glob cache-miss
206 http fetch GET 200 https://registry.npmjs.org/loose-envify 101ms (cache miss)
207 silly packumentCache full:https://registry.npmjs.org/loose-envify set size:undefined disposed:false
208 silly fetch manifest resolve@^1.22.8
209 silly packumentCache full:https://registry.npmjs.org/resolve cache-miss
210 http fetch GET 200 https://registry.npmjs.org/follow-redirects 145ms (cache miss)
211 silly packumentCache full:https://registry.npmjs.org/follow-redirects set size:undefined disposed:false
212 silly fetch manifest sucrase@^3.35.0
213 silly packumentCache full:https://registry.npmjs.org/sucrase cache-miss
214 http fetch GET 200 https://registry.npmjs.org/loose-envify 111ms (cache miss)
215 silly packumentCache full:https://registry.npmjs.org/loose-envify set size:undefined disposed:false
216 silly fetch manifest chokidar@^3.6.0
217 silly packumentCache full:https://registry.npmjs.org/chokidar cache-miss
218 http fetch GET 200 https://registry.npmjs.org/arg 138ms (cache miss)
219 silly packumentCache full:https://registry.npmjs.org/arg set size:undefined disposed:false
220 silly fetch manifest fast-glob@^3.3.2
221 silly packumentCache full:https://registry.npmjs.org/fast-glob cache-miss
222 http fetch GET 200 https://registry.npmjs.org/dlv 134ms (cache miss)
223 silly packumentCache full:https://registry.npmjs.org/dlv set size:undefined disposed:false
224 silly fetch manifest lilconfig@^3.1.3
225 silly packumentCache full:https://registry.npmjs.org/lilconfig cache-miss
226 http fetch GET 200 https://registry.npmjs.org/is-glob 128ms (cache miss)
227 silly packumentCache full:https://registry.npmjs.org/is-glob set size:undefined disposed:false
228 silly fetch manifest didyoumean@^1.2.2
229 silly packumentCache full:https://registry.npmjs.org/didyoumean cache-miss
230 http fetch GET 200 https://registry.npmjs.org/resolve 130ms (cache miss)
231 silly packumentCache full:https://registry.npmjs.org/resolve set size:undefined disposed:false
232 silly fetch manifest micromatch@^4.0.8
233 silly packumentCache full:https://registry.npmjs.org/micromatch cache-miss
234 http fetch GET 200 https://registry.npmjs.org/chokidar 126ms (cache miss)
235 silly packumentCache full:https://registry.npmjs.org/chokidar set size:undefined disposed:false
236 silly fetch manifest postcss-js@^4.0.1
237 silly packumentCache full:https://registry.npmjs.org/postcss-js cache-miss
238 http fetch GET 200 https://registry.npmjs.org/esbuild 645ms (cache miss)
239 silly packumentCache full:https://registry.npmjs.org/esbuild set size:undefined disposed:false
240 silly fetch manifest glob-parent@^6.0.2
241 silly packumentCache full:https://registry.npmjs.org/glob-parent cache-miss
242 http fetch GET 200 https://registry.npmjs.org/lilconfig 119ms (cache miss)
243 silly packumentCache full:https://registry.npmjs.org/lilconfig set size:undefined disposed:false
244 silly fetch manifest object-hash@^3.0.0
245 silly packumentCache full:https://registry.npmjs.org/object-hash cache-miss
246 http fetch GET 200 https://registry.npmjs.org/didyoumean 116ms (cache miss)
247 silly packumentCache full:https://registry.npmjs.org/didyoumean set size:undefined disposed:false
248 silly fetch manifest normalize-path@^3.0.0
249 silly packumentCache full:https://registry.npmjs.org/normalize-path cache-miss
250 http fetch GET 200 https://registry.npmjs.org/micromatch 126ms (cache miss)
251 silly packumentCache full:https://registry.npmjs.org/micromatch set size:undefined disposed:false
252 silly fetch manifest postcss-import@^15.1.0
253 silly packumentCache full:https://registry.npmjs.org/postcss-import cache-miss
254 http fetch GET 200 https://registry.npmjs.org/sucrase 236ms (cache miss)
255 silly packumentCache full:https://registry.npmjs.org/sucrase set size:undefined disposed:false
256 silly fetch manifest postcss-nested@^6.2.0
257 silly packumentCache full:https://registry.npmjs.org/postcss-nested cache-miss
258 http fetch GET 200 https://registry.npmjs.org/postcss-js 105ms (cache miss)
259 silly packumentCache full:https://registry.npmjs.org/postcss-js set size:undefined disposed:false
260 silly fetch manifest @alloc/quick-lru@^5.2.0
261 silly packumentCache full:https://registry.npmjs.org/@alloc%2fquick-lru cache-miss
262 http fetch GET 200 https://registry.npmjs.org/glob-parent 113ms (cache miss)
263 silly packumentCache full:https://registry.npmjs.org/glob-parent set size:undefined disposed:false
264 silly fetch manifest postcss-load-config@^4.0.2 || ^5.0 || ^6.0
265 silly packumentCache full:https://registry.npmjs.org/postcss-load-config cache-miss
266 http fetch GET 200 https://registry.npmjs.org/object-hash 101ms (cache miss)
267 silly packumentCache full:https://registry.npmjs.org/object-hash set size:undefined disposed:false
268 silly fetch manifest postcss-selector-parser@^6.1.2
269 silly packumentCache full:https://registry.npmjs.org/postcss-selector-parser cache-miss
270 http fetch GET 200 https://registry.npmjs.org/normalize-path 97ms (cache miss)
271 silly packumentCache full:https://registry.npmjs.org/normalize-path set size:undefined disposed:false
272 http fetch GET 200 https://registry.npmjs.org/postcss-import 101ms (cache miss)
273 silly packumentCache full:https://registry.npmjs.org/postcss-import set size:undefined disposed:false
274 http fetch GET 200 https://registry.npmjs.org/postcss-nested 120ms (cache miss)
275 silly packumentCache full:https://registry.npmjs.org/postcss-nested set size:undefined disposed:false
276 http fetch GET 200 https://registry.npmjs.org/rollup 842ms (cache miss)
277 silly packumentCache full:https://registry.npmjs.org/rollup set size:undefined disposed:false
278 http fetch GET 200 https://registry.npmjs.org/@alloc%2fquick-lru 147ms (cache miss)
279 silly packumentCache full:https://registry.npmjs.org/@alloc%2fquick-lru set size:undefined disposed:false
280 http fetch GET 200 https://registry.npmjs.org/postcss-load-config 117ms (cache miss)
281 silly packumentCache full:https://registry.npmjs.org/postcss-load-config set size:undefined disposed:false
282 http fetch GET 200 https://registry.npmjs.org/postcss-selector-parser 114ms (cache miss)
283 silly packumentCache full:https://registry.npmjs.org/postcss-selector-parser set size:undefined disposed:false
284 http fetch GET 200 https://registry.npmjs.org/fast-glob 355ms (cache miss)
285 silly packumentCache full:https://registry.npmjs.org/fast-glob set size:undefined disposed:false
286 http fetch GET 200 https://registry.npmjs.org/caniuse-lite 732ms (cache miss)
287 silly packumentCache full:https://registry.npmjs.org/caniuse-lite set size:undefined disposed:false
288 http fetch GET 200 https://registry.npmjs.org/react-refresh 1019ms (cache miss)
289 silly packumentCache full:https://registry.npmjs.org/react-refresh set size:undefined disposed:false
290 http fetch GET 200 https://registry.npmjs.org/scheduler 824ms (cache miss)
291 silly packumentCache full:https://registry.npmjs.org/scheduler set size:undefined disposed:false
292 silly placeDep ROOT @babel/core@7.29.0 OK for: @vitejs/plugin-react@4.7.0 want: ^7.28.0
293 silly placeDep ROOT @babel/plugin-transform-react-jsx-self@7.27.1 OK for: @vitejs/plugin-react@4.7.0 want: ^7.27.1
294 silly placeDep ROOT @babel/plugin-transform-react-jsx-source@7.27.1 OK for: @vitejs/plugin-react@4.7.0 want: ^7.27.1
295 silly placeDep ROOT @rolldown/pluginutils@1.0.0-beta.27 OK for: @vitejs/plugin-react@4.7.0 want: 1.0.0-beta.27
296 silly placeDep ROOT @types/babel__core@7.20.5 OK for: @vitejs/plugin-react@4.7.0 want: ^7.20.5
297 silly placeDep ROOT react-refresh@0.17.0 OK for: @vitejs/plugin-react@4.7.0 want: ^0.17.0
298 silly fetch manifest debug@^4.1.0
299 silly packumentCache full:https://registry.npmjs.org/debug cache-miss
300 silly fetch manifest json5@^2.2.3
301 silly packumentCache full:https://registry.npmjs.org/json5 cache-miss
302 silly fetch manifest semver@^6.3.1
303 silly packumentCache full:https://registry.npmjs.org/semver cache-miss
304 silly fetch manifest gensync@^1.0.0-beta.2
305 silly packumentCache full:https://registry.npmjs.org/gensync cache-miss
306 silly fetch manifest @babel/types@^7.29.0
307 silly packumentCache full:https://registry.npmjs.org/@babel%2ftypes cache-miss
308 silly fetch manifest @babel/parser@^7.29.0
309 silly packumentCache full:https://registry.npmjs.org/@babel%2fparser cache-miss
310 silly fetch manifest @babel/helpers@^7.28.6
311 silly packumentCache full:https://registry.npmjs.org/@babel%2fhelpers cache-miss
312 silly fetch manifest @babel/template@^7.28.6
313 silly packumentCache full:https://registry.npmjs.org/@babel%2ftemplate cache-miss
314 silly fetch manifest @babel/traverse@^7.29.0
315 silly packumentCache full:https://registry.npmjs.org/@babel%2ftraverse cache-miss
316 silly fetch manifest @babel/generator@^7.29.0
317 silly packumentCache full:https://registry.npmjs.org/@babel%2fgenerator cache-miss
318 silly fetch manifest @babel/code-frame@^7.29.0
319 silly packumentCache full:https://registry.npmjs.org/@babel%2fcode-frame cache-miss
320 http fetch GET 200 https://registry.npmjs.org/json5 34ms (cache miss)
321 silly packumentCache full:https://registry.npmjs.org/json5 set size:undefined disposed:false
322 silly fetch manifest convert-source-map@^2.0.0
323 silly packumentCache full:https://registry.npmjs.org/convert-source-map cache-miss
324 http fetch GET 200 https://registry.npmjs.org/debug 48ms (cache miss)
325 silly packumentCache full:https://registry.npmjs.org/debug set size:undefined disposed:false
326 silly fetch manifest @jridgewell/remapping@^2.3.5
327 silly packumentCache full:https://registry.npmjs.org/@jridgewell%2fremapping cache-miss
328 http fetch GET 200 https://registry.npmjs.org/gensync 51ms (cache miss)
329 silly packumentCache full:https://registry.npmjs.org/gensync set size:undefined disposed:false
330 silly fetch manifest @babel/helper-module-transforms@^7.28.6
331 silly packumentCache full:https://registry.npmjs.org/@babel%2fhelper-module-transforms cache-miss
332 http fetch GET 200 https://registry.npmjs.org/@babel%2ftemplate 82ms (cache miss)
333 silly packumentCache full:https://registry.npmjs.org/@babel%2ftemplate set size:undefined disposed:false
334 silly fetch manifest @babel/helper-compilation-targets@^7.28.6
335 silly packumentCache full:https://registry.npmjs.org/@babel%2fhelper-compilation-targets cache-miss
336 http fetch GET 200 https://registry.npmjs.org/@babel%2ftypes 85ms (cache miss)
337 silly packumentCache full:https://registry.npmjs.org/@babel%2ftypes set size:undefined disposed:false
338 silly fetch manifest @babel/helper-plugin-utils@^7.27.1
339 silly packumentCache full:https://registry.npmjs.org/@babel%2fhelper-plugin-utils cache-miss
340 http fetch GET 200 https://registry.npmjs.org/convert-source-map 60ms (cache miss)
341 silly packumentCache full:https://registry.npmjs.org/convert-source-map set size:undefined disposed:false
342 silly fetch manifest @babel/helper-plugin-utils@^7.27.1
343 silly packumentCache full:https://registry.npmjs.org/@babel%2fhelper-plugin-utils cache-miss
344 http fetch GET 200 https://registry.npmjs.org/semver 102ms (cache miss)
345 silly packumentCache full:https://registry.npmjs.org/semver set size:undefined disposed:false
346 silly fetch manifest @babel/types@^7.20.7
347 silly packumentCache full:https://registry.npmjs.org/@babel%2ftypes cache-miss
348 http cache https://registry.npmjs.org/@babel%2ftypes 5ms (cache hit)
349 silly packumentCache full:https://registry.npmjs.org/@babel%2ftypes set size:489931 disposed:false
350 silly fetch manifest @babel/parser@^7.20.7
351 silly packumentCache full:https://registry.npmjs.org/@babel%2fparser cache-miss
352 http fetch GET 200 https://registry.npmjs.org/@babel%2fcode-frame 134ms (cache miss)
353 silly packumentCache full:https://registry.npmjs.org/@babel%2fcode-frame set size:undefined disposed:false
354 silly fetch manifest @types/babel__template@*
355 silly packumentCache full:https://registry.npmjs.org/@types%2fbabel__template cache-miss
356 http fetch GET 200 https://registry.npmjs.org/@babel%2fhelpers 147ms (cache miss)
357 silly packumentCache full:https://registry.npmjs.org/@babel%2fhelpers set size:undefined disposed:false
358 silly fetch manifest @types/babel__traverse@*
359 silly packumentCache full:https://registry.npmjs.org/@types%2fbabel__traverse cache-miss
360 http fetch GET 200 https://registry.npmjs.org/@jridgewell%2fremapping 102ms (cache miss)
361 silly packumentCache full:https://registry.npmjs.org/@jridgewell%2fremapping set size:undefined disposed:false
362 silly fetch manifest @types/babel__generator@*
363 silly packumentCache full:https://registry.npmjs.org/@types%2fbabel__generator cache-miss
364 http fetch GET 200 https://registry.npmjs.org/@babel%2fhelper-compilation-targets 105ms (cache miss)
365 silly packumentCache full:https://registry.npmjs.org/@babel%2fhelper-compilation-targets set size:undefined disposed:false
366 http fetch GET 200 https://registry.npmjs.org/@babel%2fhelper-plugin-utils 117ms (cache miss)
367 silly packumentCache full:https://registry.npmjs.org/@babel%2fhelper-plugin-utils set size:undefined disposed:false
368 http fetch GET 200 https://registry.npmjs.org/@babel%2fhelper-plugin-utils 109ms (cache miss)
369 silly packumentCache full:https://registry.npmjs.org/@babel%2fhelper-plugin-utils set size:undefined disposed:false
370 http fetch GET 200 https://registry.npmjs.org/@babel%2fparser 208ms (cache miss)
371 silly packumentCache full:https://registry.npmjs.org/@babel%2fparser set size:undefined disposed:false
372 http fetch GET 200 https://registry.npmjs.org/@babel%2fgenerator 213ms (cache miss)
373 silly packumentCache full:https://registry.npmjs.org/@babel%2fgenerator set size:undefined disposed:false
374 http fetch GET 200 https://registry.npmjs.org/@babel%2fhelper-module-transforms 166ms (cache miss)
375 silly packumentCache full:https://registry.npmjs.org/@babel%2fhelper-module-transforms set size:undefined disposed:false
376 http fetch GET 200 https://registry.npmjs.org/@babel%2ftraverse 222ms (cache miss)
377 silly packumentCache full:https://registry.npmjs.org/@babel%2ftraverse set size:undefined disposed:false
378 http fetch GET 200 https://registry.npmjs.org/@types%2fbabel__template 100ms (cache miss)
379 silly packumentCache full:https://registry.npmjs.org/@types%2fbabel__template set size:undefined disposed:false
380 http fetch GET 200 https://registry.npmjs.org/@types%2fbabel__generator 95ms (cache miss)
381 silly packumentCache full:https://registry.npmjs.org/@types%2fbabel__generator set size:undefined disposed:false
382 http fetch GET 200 https://registry.npmjs.org/@types%2fbabel__traverse 100ms (cache miss)
383 silly packumentCache full:https://registry.npmjs.org/@types%2fbabel__traverse set size:undefined disposed:false
384 http fetch GET 200 https://registry.npmjs.org/@babel%2fparser 152ms (cache miss)
385 silly packumentCache full:https://registry.npmjs.org/@babel%2fparser set size:undefined disposed:false
386 silly fetch manifest @babel/core@^7.0.0
387 silly packumentCache full:https://registry.npmjs.org/@babel%2fcore cache-miss
388 http cache https://registry.npmjs.org/@babel%2fcore 5ms (cache hit)
389 silly packumentCache full:https://registry.npmjs.org/@babel%2fcore set size:764052 disposed:false
390 silly placeDep ROOT @babel/code-frame@7.29.0 OK for: @babel/core@7.29.0 want: ^7.29.0
391 silly placeDep ROOT @babel/generator@7.29.1 OK for: @babel/core@7.29.0 want: ^7.29.0
392 silly placeDep ROOT @babel/helper-compilation-targets@7.28.6 OK for: @babel/core@7.29.0 want: ^7.28.6
393 silly placeDep ROOT @babel/helper-module-transforms@7.28.6 OK for: @babel/core@7.29.0 want: ^7.28.6
394 silly placeDep ROOT @babel/helpers@7.29.2 OK for: @babel/core@7.29.0 want: ^7.28.6
395 silly placeDep ROOT @babel/parser@7.29.3 OK for: @babel/core@7.29.0 want: ^7.29.0
396 silly placeDep ROOT @babel/template@7.28.6 OK for: @babel/core@7.29.0 want: ^7.28.6
397 silly placeDep ROOT @babel/traverse@7.29.0 OK for: @babel/core@7.29.0 want: ^7.29.0
398 silly placeDep ROOT @babel/types@7.29.0 OK for: @babel/core@7.29.0 want: ^7.29.0
399 silly placeDep ROOT @jridgewell/remapping@2.3.5 OK for: @babel/core@7.29.0 want: ^2.3.5
400 silly placeDep ROOT convert-source-map@2.0.0 OK for: @babel/core@7.29.0 want: ^2.0.0
401 silly placeDep ROOT debug@4.4.3 OK for: @babel/core@7.29.0 want: ^4.1.0
402 silly placeDep ROOT gensync@1.0.0-beta.2 OK for: @babel/core@7.29.0 want: ^1.0.0-beta.2
403 silly placeDep ROOT json5@2.2.3 OK for: @babel/core@7.29.0 want: ^2.2.3
404 silly placeDep ROOT semver@6.3.1 OK for: @babel/core@7.29.0 want: ^6.3.1
405 silly fetch manifest js-tokens@^4.0.0
406 silly packumentCache full:https://registry.npmjs.org/js-tokens cache-miss
407 silly fetch manifest @babel/helper-validator-identifier@^7.28.5
408 silly packumentCache full:https://registry.npmjs.org/@babel%2fhelper-validator-identifier cache-miss
409 silly fetch manifest jsesc@^3.0.2
410 silly packumentCache full:https://registry.npmjs.org/jsesc cache-miss
411 silly fetch manifest @jridgewell/gen-mapping@^0.3.12
412 silly packumentCache full:https://registry.npmjs.org/@jridgewell%2fgen-mapping cache-miss
413 silly fetch manifest @jridgewell/trace-mapping@^0.3.28
414 silly packumentCache full:https://registry.npmjs.org/@jridgewell%2ftrace-mapping cache-miss
415 silly fetch manifest lru-cache@^5.1.1
416 silly packumentCache full:https://registry.npmjs.org/lru-cache cache-miss
417 silly fetch manifest browserslist@^4.24.0
418 silly packumentCache full:https://registry.npmjs.org/browserslist cache-miss
419 silly fetch manifest @babel/compat-data@^7.28.6
420 silly packumentCache full:https://registry.npmjs.org/@babel%2fcompat-data cache-miss
421 silly fetch manifest @babel/helper-validator-option@^7.27.1
422 silly packumentCache full:https://registry.npmjs.org/@babel%2fhelper-validator-option cache-miss
423 silly fetch manifest @babel/traverse@^7.28.6
424 silly packumentCache full:https://registry.npmjs.org/@babel%2ftraverse cache-miss
425 silly fetch manifest @babel/helper-module-imports@^7.28.6
426 silly packumentCache full:https://registry.npmjs.org/@babel%2fhelper-module-imports cache-miss
427 http cache https://registry.npmjs.org/@babel%2ftraverse 15ms (cache hit)
428 silly packumentCache full:https://registry.npmjs.org/@babel%2ftraverse set size:550946 disposed:false
429 silly fetch manifest @babel/helper-validator-identifier@^7.28.5
430 silly packumentCache full:https://registry.npmjs.org/@babel%2fhelper-validator-identifier cache-miss
431 http cache https://registry.npmjs.org/browserslist 21ms (cache hit)
432 silly packumentCache full:https://registry.npmjs.org/browserslist set size:504681 disposed:false
433 silly fetch manifest @babel/types@^7.28.6
434 silly packumentCache full:https://registry.npmjs.org/@babel%2ftypes cache-hit
435 silly fetch manifest debug@^4.3.1
436 silly packumentCache full:https://registry.npmjs.org/debug cache-miss
437 http cache https://registry.npmjs.org/debug 4ms (cache hit)
438 silly packumentCache full:https://registry.npmjs.org/debug set size:195840 disposed:false
439 silly fetch manifest @babel/helper-globals@^7.28.0
440 silly packumentCache full:https://registry.npmjs.org/@babel%2fhelper-globals cache-miss
441 http fetch GET 200 https://registry.npmjs.org/js-tokens 54ms (cache miss)
442 silly packumentCache full:https://registry.npmjs.org/js-tokens set size:undefined disposed:false
443 silly fetch manifest @babel/helper-string-parser@^7.27.1
444 silly packumentCache full:https://registry.npmjs.org/@babel%2fhelper-string-parser cache-miss
445 http fetch GET 200 https://registry.npmjs.org/jsesc 56ms (cache miss)
446 silly packumentCache full:https://registry.npmjs.org/jsesc set size:undefined disposed:false
447 silly fetch manifest @babel/helper-validator-identifier@^7.28.5
448 silly packumentCache full:https://registry.npmjs.org/@babel%2fhelper-validator-identifier cache-miss
449 http fetch GET 200 https://registry.npmjs.org/@babel%2fhelper-validator-identifier 61ms (cache miss)
450 silly packumentCache full:https://registry.npmjs.org/@babel%2fhelper-validator-identifier set size:undefined disposed:false
451 silly fetch manifest @jridgewell/gen-mapping@^0.3.5
452 silly packumentCache full:https://registry.npmjs.org/@jridgewell%2fgen-mapping cache-miss
453 http fetch GET 200 https://registry.npmjs.org/@babel%2fhelper-validator-option 69ms (cache miss)
454 silly packumentCache full:https://registry.npmjs.org/@babel%2fhelper-validator-option set size:undefined disposed:false
455 silly fetch manifest @jridgewell/trace-mapping@^0.3.24
456 silly packumentCache full:https://registry.npmjs.org/@jridgewell%2ftrace-mapping cache-miss
457 http fetch GET 200 https://registry.npmjs.org/@jridgewell%2ftrace-mapping 90ms (cache miss)
458 silly packumentCache full:https://registry.npmjs.org/@jridgewell%2ftrace-mapping set size:undefined disposed:false
459 silly fetch manifest ms@^2.1.3
460 silly packumentCache full:https://registry.npmjs.org/ms cache-miss
461 http fetch GET 200 https://registry.npmjs.org/@jridgewell%2fgen-mapping 94ms (cache miss)
462 silly packumentCache full:https://registry.npmjs.org/@jridgewell%2fgen-mapping set size:undefined disposed:false
463 http fetch GET 200 https://registry.npmjs.org/@babel%2fhelper-globals 67ms (cache miss)
464 silly packumentCache full:https://registry.npmjs.org/@babel%2fhelper-globals set size:undefined disposed:false
465 http fetch GET 200 https://registry.npmjs.org/@babel%2fhelper-string-parser 48ms (cache miss)
466 silly packumentCache full:https://registry.npmjs.org/@babel%2fhelper-string-parser set size:undefined disposed:false
467 http fetch GET 200 https://registry.npmjs.org/@babel%2fhelper-validator-identifier 86ms (cache miss)
468 silly packumentCache full:https://registry.npmjs.org/@babel%2fhelper-validator-identifier set size:undefined disposed:false
469 http fetch GET 200 https://registry.npmjs.org/@babel%2fhelper-validator-identifier 53ms (cache miss)
470 silly packumentCache full:https://registry.npmjs.org/@babel%2fhelper-validator-identifier set size:undefined disposed:false
471 http fetch GET 200 https://registry.npmjs.org/@jridgewell%2fgen-mapping 51ms (cache miss)
472 silly packumentCache full:https://registry.npmjs.org/@jridgewell%2fgen-mapping set size:undefined disposed:false
473 http fetch GET 200 https://registry.npmjs.org/@babel%2fcompat-data 113ms (cache miss)
474 silly packumentCache full:https://registry.npmjs.org/@babel%2fcompat-data set size:undefined disposed:false
475 http fetch GET 200 https://registry.npmjs.org/ms 36ms (cache miss)
476 silly packumentCache full:https://registry.npmjs.org/ms set size:undefined disposed:false
477 http fetch GET 200 https://registry.npmjs.org/@jridgewell%2ftrace-mapping 63ms (cache miss)
478 silly packumentCache full:https://registry.npmjs.org/@jridgewell%2ftrace-mapping set size:undefined disposed:false
479 http fetch GET 200 https://registry.npmjs.org/lru-cache 172ms (cache miss)
480 silly packumentCache full:https://registry.npmjs.org/lru-cache set size:undefined disposed:false
481 http fetch GET 200 https://registry.npmjs.org/@babel%2fhelper-module-imports 280ms (cache miss)
482 silly packumentCache full:https://registry.npmjs.org/@babel%2fhelper-module-imports set size:undefined disposed:false
483 silly placeDep ROOT @babel/helper-validator-identifier@7.28.5 OK for: @babel/code-frame@7.29.0 want: ^7.28.5
484 silly placeDep ROOT js-tokens@4.0.0 OK for: @babel/code-frame@7.29.0 want: ^4.0.0
485 silly placeDep ROOT picocolors@1.1.1 OK for: @babel/code-frame@7.29.0 want: ^1.1.1
486 silly placeDep ROOT @jridgewell/gen-mapping@0.3.13 OK for: @babel/generator@7.29.1 want: ^0.3.12
487 silly placeDep ROOT @jridgewell/trace-mapping@0.3.31 OK for: @babel/generator@7.29.1 want: ^0.3.28
488 silly placeDep ROOT jsesc@3.1.0 OK for: @babel/generator@7.29.1 want: ^3.0.2
489 silly fetch manifest @jridgewell/sourcemap-codec@^1.5.0
490 silly packumentCache full:https://registry.npmjs.org/@jridgewell%2fsourcemap-codec cache-miss
491 silly fetch manifest @jridgewell/resolve-uri@^3.1.0
492 silly packumentCache full:https://registry.npmjs.org/@jridgewell%2fresolve-uri cache-miss
493 silly fetch manifest @jridgewell/sourcemap-codec@^1.4.14
494 silly packumentCache full:https://registry.npmjs.org/@jridgewell%2fsourcemap-codec cache-miss
495 http fetch GET 200 https://registry.npmjs.org/@jridgewell%2fresolve-uri 56ms (cache miss)
496 silly packumentCache full:https://registry.npmjs.org/@jridgewell%2fresolve-uri set size:undefined disposed:false
497 http fetch GET 200 https://registry.npmjs.org/@jridgewell%2fsourcemap-codec 59ms (cache miss)
498 silly packumentCache full:https://registry.npmjs.org/@jridgewell%2fsourcemap-codec set size:undefined disposed:false
499 http fetch GET 200 https://registry.npmjs.org/@jridgewell%2fsourcemap-codec 82ms (cache miss)
500 silly packumentCache full:https://registry.npmjs.org/@jridgewell%2fsourcemap-codec set size:undefined disposed:false
501 silly placeDep ROOT @babel/compat-data@7.29.3 OK for: @babel/helper-compilation-targets@7.28.6 want: ^7.28.6
502 silly placeDep ROOT @babel/helper-validator-option@7.27.1 OK for: @babel/helper-compilation-targets@7.28.6 want: ^7.27.1
503 silly placeDep ROOT browserslist@4.28.2 OK for: @babel/helper-compilation-targets@7.28.6 want: ^4.24.0
504 silly placeDep ROOT lru-cache@5.1.1 OK for: @babel/helper-compilation-targets@7.28.6 want: ^5.1.1
505 silly fetch manifest baseline-browser-mapping@^2.10.12
506 silly packumentCache full:https://registry.npmjs.org/baseline-browser-mapping cache-miss
507 silly fetch manifest caniuse-lite@^1.0.30001782
508 silly packumentCache full:https://registry.npmjs.org/caniuse-lite cache-miss
509 silly fetch manifest electron-to-chromium@^1.5.328
510 silly packumentCache full:https://registry.npmjs.org/electron-to-chromium cache-miss
511 silly fetch manifest node-releases@^2.0.36
512 silly packumentCache full:https://registry.npmjs.org/node-releases cache-miss
513 silly fetch manifest update-browserslist-db@^1.2.3
514 silly packumentCache full:https://registry.npmjs.org/update-browserslist-db cache-miss
515 silly fetch manifest yallist@^3.0.2
516 silly packumentCache full:https://registry.npmjs.org/yallist cache-miss
517 http cache https://registry.npmjs.org/caniuse-lite 15ms (cache hit)
518 silly packumentCache full:https://registry.npmjs.org/caniuse-lite set size:2291079 disposed:false
519 http fetch GET 200 https://registry.npmjs.org/update-browserslist-db 35ms (cache miss)
520 silly packumentCache full:https://registry.npmjs.org/update-browserslist-db set size:undefined disposed:false
521 http fetch GET 200 https://registry.npmjs.org/yallist 48ms (cache miss)
522 silly packumentCache full:https://registry.npmjs.org/yallist set size:undefined disposed:false
523 http fetch GET 200 https://registry.npmjs.org/baseline-browser-mapping 57ms (cache miss)
524 silly packumentCache full:https://registry.npmjs.org/baseline-browser-mapping set size:undefined disposed:false
525 http fetch GET 200 https://registry.npmjs.org/node-releases 153ms (cache miss)
526 silly packumentCache full:https://registry.npmjs.org/node-releases set size:undefined disposed:false
527 http fetch GET 200 https://registry.npmjs.org/electron-to-chromium 234ms (cache miss)
528 silly packumentCache full:https://registry.npmjs.org/electron-to-chromium set size:undefined disposed:false
529 silly placeDep ROOT @babel/helper-module-imports@7.28.6 OK for: @babel/helper-module-transforms@7.28.6 want: ^7.28.6
530 silly placeDep ROOT @babel/helper-plugin-utils@7.28.6 OK for: @babel/plugin-transform-react-jsx-self@7.27.1 want: ^7.27.1
531 silly placeDep ROOT @babel/helper-globals@7.28.0 OK for: @babel/traverse@7.29.0 want: ^7.28.0
532 silly placeDep ROOT @babel/helper-string-parser@7.27.1 OK for: @babel/types@7.29.0 want: ^7.27.1
533 silly placeDep ROOT @jridgewell/sourcemap-codec@1.5.5 OK for: @jridgewell/gen-mapping@0.3.13 want: ^1.5.0
534 silly placeDep ROOT @jridgewell/resolve-uri@3.1.2 OK for: @jridgewell/trace-mapping@0.3.31 want: ^3.1.0
535 silly placeDep ROOT @types/babel__generator@7.27.0 OK for: @types/babel__core@7.20.5 want: *
536 silly placeDep ROOT @types/babel__template@7.4.4 OK for: @types/babel__core@7.20.5 want: *
537 silly placeDep ROOT @types/babel__traverse@7.28.0 OK for: @types/babel__core@7.20.5 want: *
538 silly placeDep ROOT caniuse-lite@1.0.30001792 OK for: autoprefixer@10.5.0 want: ^1.0.30001787
539 silly placeDep ROOT fraction.js@5.3.4 OK for: autoprefixer@10.5.0 want: ^5.3.4
540 silly placeDep ROOT postcss-value-parser@4.2.0 OK for: autoprefixer@10.5.0 want: ^4.2.0
541 silly placeDep ROOT follow-redirects@1.16.0 OK for: axios@1.16.0 want: ^1.16.0
542 silly placeDep ROOT form-data@4.0.5 OK for: axios@1.16.0 want: ^4.0.5
543 silly placeDep ROOT proxy-from-env@2.1.0 OK for: axios@1.16.0 want: ^2.1.0
544 silly fetch manifest asynckit@^0.4.0
545 silly packumentCache full:https://registry.npmjs.org/asynckit cache-miss
546 silly fetch manifest combined-stream@^1.0.8
547 silly packumentCache full:https://registry.npmjs.org/combined-stream cache-miss
548 silly fetch manifest es-set-tostringtag@^2.1.0
549 silly packumentCache full:https://registry.npmjs.org/es-set-tostringtag cache-miss
550 silly fetch manifest hasown@^2.0.2
551 silly packumentCache full:https://registry.npmjs.org/hasown cache-miss
552 silly fetch manifest mime-types@^2.1.12
553 silly packumentCache full:https://registry.npmjs.org/mime-types cache-miss
554 http fetch GET 200 https://registry.npmjs.org/asynckit 47ms (cache miss)
555 silly packumentCache full:https://registry.npmjs.org/asynckit set size:undefined disposed:false
556 http fetch GET 200 https://registry.npmjs.org/combined-stream 49ms (cache miss)
557 silly packumentCache full:https://registry.npmjs.org/combined-stream set size:undefined disposed:false
558 http fetch GET 200 https://registry.npmjs.org/es-set-tostringtag 53ms (cache miss)
559 silly packumentCache full:https://registry.npmjs.org/es-set-tostringtag set size:undefined disposed:false
560 http fetch GET 200 https://registry.npmjs.org/hasown 63ms (cache miss)
561 silly packumentCache full:https://registry.npmjs.org/hasown set size:undefined disposed:false
562 http fetch GET 200 https://registry.npmjs.org/mime-types 99ms (cache miss)
563 silly packumentCache full:https://registry.npmjs.org/mime-types set size:undefined disposed:false
564 silly fetch manifest browserslist@>= 4.21.0
565 silly packumentCache full:https://registry.npmjs.org/browserslist cache-hit
566 silly placeDep ROOT baseline-browser-mapping@2.10.27 OK for: browserslist@4.28.2 want: ^2.10.12
567 silly placeDep ROOT electron-to-chromium@1.5.352 OK for: browserslist@4.28.2 want: ^1.5.328
568 silly placeDep ROOT node-releases@2.0.38 OK for: browserslist@4.28.2 want: ^2.0.36
569 silly placeDep ROOT update-browserslist-db@1.2.3 OK for: browserslist@4.28.2 want: ^1.2.3
570 silly fetch manifest escalade@^3.2.0
571 silly packumentCache full:https://registry.npmjs.org/escalade cache-miss
572 http fetch GET 200 https://registry.npmjs.org/escalade 34ms (cache miss)
573 silly packumentCache full:https://registry.npmjs.org/escalade set size:undefined disposed:false
574 silly placeDep ROOT ms@2.1.3 OK for: debug@4.4.3 want: ^2.1.3
575 silly placeDep ROOT asynckit@0.4.0 OK for: form-data@4.0.5 want: ^0.4.0
576 silly placeDep ROOT combined-stream@1.0.8 OK for: form-data@4.0.5 want: ^1.0.8
577 silly placeDep ROOT es-set-tostringtag@2.1.0 OK for: form-data@4.0.5 want: ^2.1.0
578 silly placeDep ROOT hasown@2.0.3 OK for: form-data@4.0.5 want: ^2.0.2
579 silly placeDep ROOT mime-types@2.1.35 OK for: form-data@4.0.5 want: ^2.1.12
580 silly fetch manifest delayed-stream@~1.0.0
581 silly packumentCache full:https://registry.npmjs.org/delayed-stream cache-miss
582 silly fetch manifest es-errors@^1.3.0
583 silly packumentCache full:https://registry.npmjs.org/es-errors cache-miss
584 silly fetch manifest get-intrinsic@^1.2.6
585 silly packumentCache full:https://registry.npmjs.org/get-intrinsic cache-miss
586 silly fetch manifest has-tostringtag@^1.0.2
587 silly packumentCache full:https://registry.npmjs.org/has-tostringtag cache-miss
588 silly fetch manifest function-bind@^1.1.2
589 silly packumentCache full:https://registry.npmjs.org/function-bind cache-miss
590 silly fetch manifest mime-db@1.52.0
591 silly packumentCache full:https://registry.npmjs.org/mime-db cache-miss
592 http fetch GET 200 https://registry.npmjs.org/delayed-stream 29ms (cache miss)
593 silly packumentCache full:https://registry.npmjs.org/delayed-stream set size:undefined disposed:false
594 http fetch GET 200 https://registry.npmjs.org/has-tostringtag 48ms (cache miss)
595 silly packumentCache full:https://registry.npmjs.org/has-tostringtag set size:undefined disposed:false
596 http fetch GET 200 https://registry.npmjs.org/es-errors 51ms (cache miss)
597 silly packumentCache full:https://registry.npmjs.org/es-errors set size:undefined disposed:false
598 http fetch GET 200 https://registry.npmjs.org/function-bind 51ms (cache miss)
599 silly packumentCache full:https://registry.npmjs.org/function-bind set size:undefined disposed:false
600 http fetch GET 200 https://registry.npmjs.org/mime-db 63ms (cache miss)
601 silly packumentCache full:https://registry.npmjs.org/mime-db set size:undefined disposed:false
602 http fetch GET 200 https://registry.npmjs.org/get-intrinsic 82ms (cache miss)
603 silly packumentCache full:https://registry.npmjs.org/get-intrinsic set size:undefined disposed:false
604 silly placeDep ROOT delayed-stream@1.0.0 OK for: combined-stream@1.0.8 want: ~1.0.0
605 silly placeDep ROOT es-errors@1.3.0 OK for: es-set-tostringtag@2.1.0 want: ^1.3.0
606 silly placeDep ROOT get-intrinsic@1.3.0 OK for: es-set-tostringtag@2.1.0 want: ^1.2.6
607 silly placeDep ROOT has-tostringtag@1.0.2 OK for: es-set-tostringtag@2.1.0 want: ^1.0.2
608 silly fetch manifest gopd@^1.2.0
609 silly packumentCache full:https://registry.npmjs.org/gopd cache-miss
610 silly fetch manifest get-proto@^1.0.1
611 silly packumentCache full:https://registry.npmjs.org/get-proto cache-miss
612 silly fetch manifest has-symbols@^1.1.0
613 silly packumentCache full:https://registry.npmjs.org/has-symbols cache-miss
614 silly fetch manifest es-object-atoms@^1.1.1
615 silly packumentCache full:https://registry.npmjs.org/es-object-atoms cache-miss
616 silly fetch manifest math-intrinsics@^1.1.0
617 silly packumentCache full:https://registry.npmjs.org/math-intrinsics cache-miss
618 silly fetch manifest es-define-property@^1.0.1
619 silly packumentCache full:https://registry.npmjs.org/es-define-property cache-miss
620 silly fetch manifest call-bind-apply-helpers@^1.0.2
621 silly packumentCache full:https://registry.npmjs.org/call-bind-apply-helpers cache-miss
622 silly fetch manifest has-symbols@^1.0.3
623 silly packumentCache full:https://registry.npmjs.org/has-symbols cache-miss
624 http fetch GET 200 https://registry.npmjs.org/get-proto 45ms (cache miss)
625 silly packumentCache full:https://registry.npmjs.org/get-proto set size:undefined disposed:false
626 http fetch GET 200 https://registry.npmjs.org/math-intrinsics 49ms (cache miss)
627 silly packumentCache full:https://registry.npmjs.org/math-intrinsics set size:undefined disposed:false
628 http fetch GET 200 https://registry.npmjs.org/has-symbols 59ms (cache miss)
629 silly packumentCache full:https://registry.npmjs.org/has-symbols set size:undefined disposed:false
630 http fetch GET 200 https://registry.npmjs.org/es-define-property 61ms (cache miss)
631 silly packumentCache full:https://registry.npmjs.org/es-define-property set size:undefined disposed:false
632 http fetch GET 200 https://registry.npmjs.org/has-symbols 62ms (cache miss)
633 silly packumentCache full:https://registry.npmjs.org/has-symbols set size:undefined disposed:false
634 http fetch GET 200 https://registry.npmjs.org/es-object-atoms 65ms (cache miss)
635 silly packumentCache full:https://registry.npmjs.org/es-object-atoms set size:undefined disposed:false
636 http fetch GET 200 https://registry.npmjs.org/gopd 69ms (cache miss)
637 silly packumentCache full:https://registry.npmjs.org/gopd set size:undefined disposed:false
638 http fetch GET 200 https://registry.npmjs.org/call-bind-apply-helpers 139ms (cache miss)
639 silly packumentCache full:https://registry.npmjs.org/call-bind-apply-helpers set size:undefined disposed:false
640 silly placeDep ROOT call-bind-apply-helpers@1.0.2 OK for: get-intrinsic@1.3.0 want: ^1.0.2
641 silly placeDep ROOT es-define-property@1.0.1 OK for: get-intrinsic@1.3.0 want: ^1.0.1
642 silly placeDep ROOT es-object-atoms@1.1.1 OK for: get-intrinsic@1.3.0 want: ^1.1.1
643 silly placeDep ROOT function-bind@1.1.2 OK for: get-intrinsic@1.3.0 want: ^1.1.2
644 silly placeDep ROOT get-proto@1.0.1 OK for: get-intrinsic@1.3.0 want: ^1.0.1
645 silly placeDep ROOT gopd@1.2.0 OK for: get-intrinsic@1.3.0 want: ^1.2.0
646 silly placeDep ROOT has-symbols@1.1.0 OK for: get-intrinsic@1.3.0 want: ^1.1.0
647 silly placeDep ROOT math-intrinsics@1.1.0 OK for: get-intrinsic@1.3.0 want: ^1.1.0
648 silly fetch manifest dunder-proto@^1.0.1
649 silly packumentCache full:https://registry.npmjs.org/dunder-proto cache-miss
650 http fetch GET 200 https://registry.npmjs.org/dunder-proto 55ms (cache miss)
651 silly packumentCache full:https://registry.npmjs.org/dunder-proto set size:undefined disposed:false
652 silly placeDep ROOT dunder-proto@1.0.1 OK for: get-proto@1.0.1 want: ^1.0.1
653 silly placeDep ROOT yallist@3.1.1 OK for: lru-cache@5.1.1 want: ^3.0.2
654 silly placeDep ROOT mime-db@1.52.0 OK for: mime-types@2.1.35 want: 1.52.0
655 silly placeDep ROOT nanoid@3.3.12 OK for: postcss@8.5.14 want: ^3.3.11
656 silly placeDep ROOT source-map-js@1.2.1 OK for: postcss@8.5.14 want: ^1.2.1
657 silly placeDep ROOT loose-envify@1.4.0 OK for: react@18.3.1 want: ^1.1.0
658 silly placeDep ROOT scheduler@0.23.2 OK for: react-dom@18.3.1 want: ^0.23.2
659 silly fetch manifest postcss@^8.4.47
660 silly packumentCache full:https://registry.npmjs.org/postcss cache-hit
661 silly placeDep ROOT @alloc/quick-lru@5.2.0 OK for: tailwindcss@3.4.19 want: ^5.2.0
662 silly placeDep ROOT arg@5.0.2 OK for: tailwindcss@3.4.19 want: ^5.0.2
663 silly placeDep ROOT chokidar@3.6.0 OK for: tailwindcss@3.4.19 want: ^3.6.0
664 silly placeDep ROOT didyoumean@1.2.2 OK for: tailwindcss@3.4.19 want: ^1.2.2
665 silly placeDep ROOT dlv@1.1.3 OK for: tailwindcss@3.4.19 want: ^1.1.3
666 silly placeDep ROOT fast-glob@3.3.3 OK for: tailwindcss@3.4.19 want: ^3.3.2
667 silly placeDep ROOT glob-parent@6.0.2 OK for: tailwindcss@3.4.19 want: ^6.0.2
668 silly placeDep ROOT is-glob@4.0.3 OK for: tailwindcss@3.4.19 want: ^4.0.3
669 silly placeDep ROOT jiti@1.21.7 OK for: tailwindcss@3.4.19 want: ^1.21.7
670 silly placeDep ROOT lilconfig@3.1.3 OK for: tailwindcss@3.4.19 want: ^3.1.3
671 silly placeDep ROOT micromatch@4.0.8 OK for: tailwindcss@3.4.19 want: ^4.0.8
672 silly placeDep ROOT normalize-path@3.0.0 OK for: tailwindcss@3.4.19 want: ^3.0.0
673 silly placeDep ROOT object-hash@3.0.0 OK for: tailwindcss@3.4.19 want: ^3.0.0
674 silly placeDep ROOT postcss-import@15.1.0 OK for: tailwindcss@3.4.19 want: ^15.1.0
675 silly placeDep ROOT postcss-js@4.1.0 OK for: tailwindcss@3.4.19 want: ^4.0.1
676 silly placeDep ROOT postcss-load-config@6.0.1 OK for: tailwindcss@3.4.19 want: ^4.0.2 || ^5.0 || ^6.0
677 silly placeDep ROOT postcss-nested@6.2.0 OK for: tailwindcss@3.4.19 want: ^6.2.0
678 silly placeDep ROOT postcss-selector-parser@6.1.2 OK for: tailwindcss@3.4.19 want: ^6.1.2
679 silly placeDep ROOT resolve@1.22.12 OK for: tailwindcss@3.4.19 want: ^1.22.8
680 silly placeDep ROOT sucrase@3.35.1 OK for: tailwindcss@3.4.19 want: ^3.35.0
681 silly fetch manifest braces@~3.0.2
682 silly packumentCache full:https://registry.npmjs.org/braces cache-miss
683 silly fetch manifest is-glob@~4.0.1
684 silly packumentCache full:https://registry.npmjs.org/is-glob cache-miss
685 silly fetch manifest anymatch@~3.1.2
686 silly packumentCache full:https://registry.npmjs.org/anymatch cache-miss
687 silly fetch manifest readdirp@~3.6.0
688 silly packumentCache full:https://registry.npmjs.org/readdirp cache-miss
689 silly fetch manifest glob-parent@~5.1.2
690 silly packumentCache full:https://registry.npmjs.org/glob-parent cache-miss
691 silly fetch manifest is-binary-path@~2.1.0
692 silly packumentCache full:https://registry.npmjs.org/is-binary-path cache-miss
693 silly fetch manifest normalize-path@~3.0.0
694 silly packumentCache full:https://registry.npmjs.org/normalize-path cache-miss
695 silly fetch manifest fsevents@~2.3.2
696 silly packumentCache full:https://registry.npmjs.org/fsevents cache-miss
697 silly fetch manifest @nodelib/fs.stat@^2.0.2
698 silly packumentCache full:https://registry.npmjs.org/@nodelib%2ffs.stat cache-miss
699 silly fetch manifest @nodelib/fs.walk@^1.2.3
700 silly packumentCache full:https://registry.npmjs.org/@nodelib%2ffs.walk cache-miss
701 silly fetch manifest glob-parent@^5.1.2
702 silly packumentCache full:https://registry.npmjs.org/glob-parent cache-miss
703 http cache https://registry.npmjs.org/is-glob 28ms (cache hit)
704 silly packumentCache full:https://registry.npmjs.org/is-glob set size:40530 disposed:false
705 silly fetch manifest merge2@^1.3.0
706 silly packumentCache full:https://registry.npmjs.org/merge2 cache-miss
707 http cache https://registry.npmjs.org/fsevents 30ms (cache hit)
708 silly packumentCache full:https://registry.npmjs.org/fsevents set size:182472 disposed:false
709 silly fetch manifest is-extglob@^2.1.1
710 silly packumentCache full:https://registry.npmjs.org/is-extglob cache-miss
711 http cache https://registry.npmjs.org/normalize-path 34ms (cache hit)
712 silly packumentCache full:https://registry.npmjs.org/normalize-path set size:28713 disposed:false
713 silly fetch manifest braces@^3.0.3
714 silly packumentCache full:https://registry.npmjs.org/braces cache-miss
715 http cache https://registry.npmjs.org/glob-parent 42ms (cache hit)
716 silly packumentCache full:https://registry.npmjs.org/glob-parent set size:42445 disposed:false
717 silly fetch manifest picomatch@^2.3.1
718 silly packumentCache full:https://registry.npmjs.org/picomatch cache-miss
719 http cache https://registry.npmjs.org/glob-parent 43ms (cache hit)
720 silly packumentCache full:https://registry.npmjs.org/glob-parent set size:42445 disposed:false
721 silly packumentCache full:https://registry.npmjs.org/glob-parent dispose
722 silly fetch manifest resolve@^1.1.7
723 silly packumentCache full:https://registry.npmjs.org/resolve cache-miss
724 http cache https://registry.npmjs.org/picomatch 23ms (cache hit)
725 silly packumentCache full:https://registry.npmjs.org/picomatch set size:126376 disposed:false
726 silly fetch manifest read-cache@^1.0.0
727 silly packumentCache full:https://registry.npmjs.org/read-cache cache-miss
728 http cache https://registry.npmjs.org/resolve 29ms (cache hit)
729 silly packumentCache full:https://registry.npmjs.org/resolve set size:252941 disposed:false
730 silly fetch manifest camelcase-css@^2.0.1
731 silly packumentCache full:https://registry.npmjs.org/camelcase-css cache-miss
732 http fetch GET 200 https://registry.npmjs.org/readdirp 88ms (cache miss)
733 silly packumentCache full:https://registry.npmjs.org/readdirp set size:undefined disposed:false
734 silly fetch manifest postcss-selector-parser@^6.1.1
735 silly packumentCache full:https://registry.npmjs.org/postcss-selector-parser cache-miss
736 http fetch GET 200 https://registry.npmjs.org/is-binary-path 90ms (cache miss)
737 silly packumentCache full:https://registry.npmjs.org/is-binary-path set size:undefined disposed:false
738 silly fetch manifest cssesc@^3.0.0
739 silly packumentCache full:https://registry.npmjs.org/cssesc cache-miss
740 http fetch GET 200 https://registry.npmjs.org/anymatch 96ms (cache miss)
741 silly packumentCache full:https://registry.npmjs.org/anymatch set size:undefined disposed:false
742 silly fetch manifest util-deprecate@^1.0.2
743 silly packumentCache full:https://registry.npmjs.org/util-deprecate cache-miss
744 http fetch GET 200 https://registry.npmjs.org/@nodelib%2ffs.walk 106ms (cache miss)
745 silly packumentCache full:https://registry.npmjs.org/@nodelib%2ffs.walk set size:undefined disposed:false
746 silly fetch manifest is-core-module@^2.16.1
747 silly packumentCache full:https://registry.npmjs.org/is-core-module cache-miss
748 http fetch GET 200 https://registry.npmjs.org/is-extglob 76ms (cache miss)
749 silly packumentCache full:https://registry.npmjs.org/is-extglob set size:undefined disposed:false
750 silly fetch manifest path-parse@^1.0.7
751 silly packumentCache full:https://registry.npmjs.org/path-parse cache-miss
752 http fetch GET 200 https://registry.npmjs.org/@nodelib%2ffs.stat 119ms (cache miss)
753 silly packumentCache full:https://registry.npmjs.org/@nodelib%2ffs.stat set size:undefined disposed:false
754 silly fetch manifest supports-preserve-symlinks-flag@^1.0.0
755 silly packumentCache full:https://registry.npmjs.org/supports-preserve-symlinks-flag cache-miss
756 http fetch GET 200 https://registry.npmjs.org/braces 124ms (cache miss)
757 silly packumentCache full:https://registry.npmjs.org/braces set size:undefined disposed:false
758 silly fetch manifest commander@^4.0.0
759 silly packumentCache full:https://registry.npmjs.org/commander cache-miss
760 http cache https://registry.npmjs.org/postcss-selector-parser 37ms (cache hit)
761 silly packumentCache full:https://registry.npmjs.org/postcss-selector-parser set size:177140 disposed:false
762 silly fetch manifest lines-and-columns@^1.1.6
763 silly packumentCache full:https://registry.npmjs.org/lines-and-columns cache-miss
764 http fetch GET 200 https://registry.npmjs.org/braces 100ms (cache miss)
765 silly packumentCache full:https://registry.npmjs.org/braces set size:undefined disposed:false
766 silly fetch manifest mz@^2.7.0
767 silly packumentCache full:https://registry.npmjs.org/mz cache-miss
768 http fetch GET 200 https://registry.npmjs.org/read-cache 72ms (cache miss)
769 silly packumentCache full:https://registry.npmjs.org/read-cache set size:undefined disposed:false
770 silly fetch manifest pirates@^4.0.1
771 silly packumentCache full:https://registry.npmjs.org/pirates cache-miss
772 http fetch GET 200 https://registry.npmjs.org/util-deprecate 56ms (cache miss)
773 silly packumentCache full:https://registry.npmjs.org/util-deprecate set size:undefined disposed:false
774 silly fetch manifest tinyglobby@^0.2.11
775 silly packumentCache full:https://registry.npmjs.org/tinyglobby cache-miss
776 http fetch GET 200 https://registry.npmjs.org/cssesc 67ms (cache miss)
777 silly packumentCache full:https://registry.npmjs.org/cssesc set size:undefined disposed:false
778 silly fetch manifest ts-interface-checker@^0.1.9
779 silly packumentCache full:https://registry.npmjs.org/ts-interface-checker cache-miss
780 http fetch GET 200 https://registry.npmjs.org/path-parse 55ms (cache miss)
781 silly packumentCache full:https://registry.npmjs.org/path-parse set size:undefined disposed:false
782 http fetch GET 200 https://registry.npmjs.org/is-core-module 60ms (cache miss)
783 silly packumentCache full:https://registry.npmjs.org/is-core-module set size:undefined disposed:false
784 http cache https://registry.npmjs.org/tinyglobby 20ms (cache hit)
785 silly packumentCache full:https://registry.npmjs.org/tinyglobby set size:52660 disposed:false
786 http fetch GET 200 https://registry.npmjs.org/supports-preserve-symlinks-flag 56ms (cache miss)
787 silly packumentCache full:https://registry.npmjs.org/supports-preserve-symlinks-flag set size:undefined disposed:false
788 http fetch GET 200 https://registry.npmjs.org/lines-and-columns 70ms (cache miss)
789 silly packumentCache full:https://registry.npmjs.org/lines-and-columns set size:undefined disposed:false
790 http fetch GET 200 https://registry.npmjs.org/mz 66ms (cache miss)
791 silly packumentCache full:https://registry.npmjs.org/mz set size:undefined disposed:false
792 http fetch GET 200 https://registry.npmjs.org/pirates 88ms (cache miss)
793 silly packumentCache full:https://registry.npmjs.org/pirates set size:undefined disposed:false
794 http fetch GET 200 https://registry.npmjs.org/commander 108ms (cache miss)
795 silly packumentCache full:https://registry.npmjs.org/commander set size:undefined disposed:false
796 http fetch GET 200 https://registry.npmjs.org/merge2 312ms (cache miss)
797 silly packumentCache full:https://registry.npmjs.org/merge2 set size:undefined disposed:false
798 http fetch GET 200 https://registry.npmjs.org/ts-interface-checker 294ms (cache miss)
799 silly packumentCache full:https://registry.npmjs.org/ts-interface-checker set size:undefined disposed:false
800 http fetch GET 200 https://registry.npmjs.org/camelcase-css 777ms (cache miss)
801 silly packumentCache full:https://registry.npmjs.org/camelcase-css set size:undefined disposed:false
802 silly placeDep ROOT anymatch@3.1.3 OK for: chokidar@3.6.0 want: ~3.1.2
803 silly placeDep ROOT braces@3.0.3 OK for: chokidar@3.6.0 want: ~3.0.2
804 silly placeDep ROOT fsevents@2.3.3 OK for: chokidar@3.6.0 want: ~2.3.2
805 silly placeDep node_modules/chokidar glob-parent@5.1.2 OK for: chokidar@3.6.0 want: ~5.1.2
806 silly placeDep ROOT is-binary-path@2.1.0 OK for: chokidar@3.6.0 want: ~2.1.0
807 silly placeDep ROOT readdirp@3.6.0 OK for: chokidar@3.6.0 want: ~3.6.0
808 silly fetch manifest picomatch@^2.0.4
809 silly packumentCache full:https://registry.npmjs.org/picomatch cache-hit
810 silly fetch manifest fill-range@^7.1.1
811 silly packumentCache full:https://registry.npmjs.org/fill-range cache-miss
812 silly fetch manifest binary-extensions@^2.0.0
813 silly packumentCache full:https://registry.npmjs.org/binary-extensions cache-miss
814 silly fetch manifest picomatch@^2.2.1
815 silly packumentCache full:https://registry.npmjs.org/picomatch cache-hit
816 http fetch GET 200 https://registry.npmjs.org/fill-range 44ms (cache miss)
817 silly packumentCache full:https://registry.npmjs.org/fill-range set size:undefined disposed:false
818 http fetch GET 200 https://registry.npmjs.org/binary-extensions 51ms (cache miss)
819 silly packumentCache full:https://registry.npmjs.org/binary-extensions set size:undefined disposed:false
820 silly placeDep ROOT picomatch@2.3.2 OK for: anymatch@3.1.3 want: ^2.0.4
821 silly placeDep ROOT fill-range@7.1.1 OK for: braces@3.0.3 want: ^7.1.1
822 silly fetch manifest to-regex-range@^5.0.1
823 silly packumentCache full:https://registry.npmjs.org/to-regex-range cache-miss
824 http fetch GET 200 https://registry.npmjs.org/to-regex-range 52ms (cache miss)
825 silly packumentCache full:https://registry.npmjs.org/to-regex-range set size:undefined disposed:false
826 silly placeDep ROOT @nodelib/fs.stat@2.0.5 OK for: fast-glob@3.3.3 want: ^2.0.2
827 silly placeDep ROOT @nodelib/fs.walk@1.2.8 OK for: fast-glob@3.3.3 want: ^1.2.3
828 silly placeDep node_modules/fast-glob glob-parent@5.1.2 OK for: fast-glob@3.3.3 want: ^5.1.2
829 silly placeDep ROOT merge2@1.4.1 OK for: fast-glob@3.3.3 want: ^1.3.0
830 silly fetch manifest fastq@^1.6.0
831 silly packumentCache full:https://registry.npmjs.org/fastq cache-miss
832 silly fetch manifest @nodelib/fs.scandir@2.1.5
833 silly packumentCache full:https://registry.npmjs.org/@nodelib%2ffs.scandir cache-miss
834 http fetch GET 200 https://registry.npmjs.org/fastq 44ms (cache miss)
835 silly packumentCache full:https://registry.npmjs.org/fastq set size:undefined disposed:false
836 http fetch GET 200 https://registry.npmjs.org/@nodelib%2ffs.scandir 65ms (cache miss)
837 silly packumentCache full:https://registry.npmjs.org/@nodelib%2ffs.scandir set size:undefined disposed:false
838 silly placeDep ROOT @nodelib/fs.scandir@2.1.5 OK for: @nodelib/fs.walk@1.2.8 want: 2.1.5
839 silly placeDep ROOT fastq@1.20.1 OK for: @nodelib/fs.walk@1.2.8 want: ^1.6.0
840 silly fetch manifest run-parallel@^1.1.9
841 silly packumentCache full:https://registry.npmjs.org/run-parallel cache-miss
842 silly fetch manifest reusify@^1.0.4
843 silly packumentCache full:https://registry.npmjs.org/reusify cache-miss
844 http fetch GET 200 https://registry.npmjs.org/reusify 48ms (cache miss)
845 silly packumentCache full:https://registry.npmjs.org/reusify set size:undefined disposed:false
846 http fetch GET 200 https://registry.npmjs.org/run-parallel 51ms (cache miss)
847 silly packumentCache full:https://registry.npmjs.org/run-parallel set size:undefined disposed:false
848 silly placeDep ROOT run-parallel@1.2.0 OK for: @nodelib/fs.scandir@2.1.5 want: ^1.1.9
849 silly fetch manifest queue-microtask@^1.2.2
850 silly packumentCache full:https://registry.npmjs.org/queue-microtask cache-miss
851 http fetch GET 200 https://registry.npmjs.org/queue-microtask 56ms (cache miss)
852 silly packumentCache full:https://registry.npmjs.org/queue-microtask set size:undefined disposed:false
853 silly placeDep ROOT reusify@1.1.0 OK for: fastq@1.20.1 want: ^1.0.4
854 silly placeDep ROOT to-regex-range@5.0.1 OK for: fill-range@7.1.1 want: ^5.0.1
855 silly fetch manifest is-number@^7.0.0
856 silly packumentCache full:https://registry.npmjs.org/is-number cache-miss
857 http fetch GET 200 https://registry.npmjs.org/is-number 59ms (cache miss)
858 silly packumentCache full:https://registry.npmjs.org/is-number set size:undefined disposed:false
859 silly placeDep ROOT binary-extensions@2.3.0 OK for: is-binary-path@2.1.0 want: ^2.0.0
860 silly placeDep ROOT is-extglob@2.1.1 OK for: is-glob@4.0.3 want: ^2.1.1
861 silly placeDep ROOT read-cache@1.0.0 OK for: postcss-import@15.1.0 want: ^1.0.0
862 silly fetch manifest pify@^2.3.0
863 silly packumentCache full:https://registry.npmjs.org/pify cache-miss
864 http fetch GET 200 https://registry.npmjs.org/pify 53ms (cache miss)
865 silly packumentCache full:https://registry.npmjs.org/pify set size:undefined disposed:false
866 silly placeDep ROOT camelcase-css@2.0.1 OK for: postcss-js@4.1.0 want: ^2.0.1
867 silly placeDep ROOT cssesc@3.0.0 OK for: postcss-selector-parser@6.1.2 want: ^3.0.0
868 silly placeDep ROOT util-deprecate@1.0.2 OK for: postcss-selector-parser@6.1.2 want: ^1.0.2
869 silly placeDep ROOT pify@2.3.0 OK for: read-cache@1.0.0 want: ^2.3.0
870 silly placeDep ROOT is-core-module@2.16.2 OK for: resolve@1.22.12 want: ^2.16.1
871 silly placeDep ROOT path-parse@1.0.7 OK for: resolve@1.22.12 want: ^1.0.7
872 silly placeDep ROOT supports-preserve-symlinks-flag@1.0.0 OK for: resolve@1.22.12 want: ^1.0.0
873 silly placeDep ROOT queue-microtask@1.2.3 OK for: run-parallel@1.2.0 want: ^1.2.2
874 silly placeDep ROOT commander@4.1.1 OK for: sucrase@3.35.1 want: ^4.0.0
875 silly placeDep ROOT lines-and-columns@1.2.4 OK for: sucrase@3.35.1 want: ^1.1.6
876 silly placeDep ROOT mz@2.7.0 OK for: sucrase@3.35.1 want: ^2.7.0
877 silly placeDep ROOT pirates@4.0.7 OK for: sucrase@3.35.1 want: ^4.0.1
878 silly placeDep ROOT tinyglobby@0.2.16 OK for: sucrase@3.35.1 want: ^0.2.11
879 silly placeDep ROOT ts-interface-checker@0.1.13 OK for: sucrase@3.35.1 want: ^0.1.9
880 silly fetch manifest any-promise@^1.0.0
881 silly packumentCache full:https://registry.npmjs.org/any-promise cache-miss
882 silly fetch manifest object-assign@^4.0.1
883 silly packumentCache full:https://registry.npmjs.org/object-assign cache-miss
884 silly fetch manifest thenify-all@^1.0.0
885 silly packumentCache full:https://registry.npmjs.org/thenify-all cache-miss
886 silly fetch manifest fdir@^6.5.0
887 silly packumentCache full:https://registry.npmjs.org/fdir cache-miss
888 silly fetch manifest picomatch@^4.0.4
889 silly packumentCache full:https://registry.npmjs.org/picomatch cache-hit
890 http cache https://registry.npmjs.org/fdir 25ms (cache hit)
891 silly packumentCache full:https://registry.npmjs.org/fdir set size:136182 disposed:false
892 http fetch GET 200 https://registry.npmjs.org/any-promise 56ms (cache miss)
893 silly packumentCache full:https://registry.npmjs.org/any-promise set size:undefined disposed:false
894 http fetch GET 200 https://registry.npmjs.org/object-assign 58ms (cache miss)
895 silly packumentCache full:https://registry.npmjs.org/object-assign set size:undefined disposed:false
896 http fetch GET 200 https://registry.npmjs.org/thenify-all 62ms (cache miss)
897 silly packumentCache full:https://registry.npmjs.org/thenify-all set size:undefined disposed:false
898 silly placeDep ROOT any-promise@1.3.0 OK for: mz@2.7.0 want: ^1.0.0
899 silly placeDep ROOT object-assign@4.1.1 OK for: mz@2.7.0 want: ^4.0.1
900 silly placeDep ROOT thenify-all@1.6.0 OK for: mz@2.7.0 want: ^1.0.0
901 silly fetch manifest thenify@>= 3.1.0 < 4
902 silly packumentCache full:https://registry.npmjs.org/thenify cache-miss
903 http fetch GET 200 https://registry.npmjs.org/thenify 52ms (cache miss)
904 silly packumentCache full:https://registry.npmjs.org/thenify set size:undefined disposed:false
905 silly placeDep ROOT thenify@3.3.1 OK for: thenify-all@1.6.0 want: >= 3.1.0 < 4
906 silly placeDep node_modules/tinyglobby fdir@6.5.0 OK for: tinyglobby@0.2.16 want: ^6.5.0
907 silly placeDep node_modules/tinyglobby picomatch@4.0.4 OK for: fdir@6.5.0 want: ^3 || ^4
908 silly placeDep ROOT is-number@7.0.0 OK for: to-regex-range@5.0.1 want: ^7.0.0
909 silly placeDep ROOT escalade@3.2.0 OK for: update-browserslist-db@1.2.3 want: ^3.2.0
910 silly placeDep ROOT esbuild@0.25.12 OK for: vite@6.4.2 want: ^0.25.0
911 silly placeDep node_modules/vite fdir@6.5.0 OK for: vite@6.4.2 want: ^6.4.4
912 silly placeDep node_modules/vite picomatch@4.0.4 OK for: fdir@6.5.0 want: ^3 || ^4
913 silly placeDep ROOT rollup@4.60.3 OK for: vite@6.4.2 want: ^4.34.9
914 silly fetch manifest @esbuild/aix-ppc64@0.25.12
915 silly packumentCache full:https://registry.npmjs.org/@esbuild%2faix-ppc64 cache-miss
916 silly fetch manifest @esbuild/linux-arm@0.25.12
917 silly packumentCache full:https://registry.npmjs.org/@esbuild%2flinux-arm cache-miss
918 silly fetch manifest @esbuild/linux-x64@0.25.12
919 silly packumentCache full:https://registry.npmjs.org/@esbuild%2flinux-x64 cache-miss
920 silly fetch manifest @esbuild/sunos-x64@0.25.12
921 silly packumentCache full:https://registry.npmjs.org/@esbuild%2fsunos-x64 cache-miss
922 silly fetch manifest @esbuild/win32-x64@0.25.12
923 silly packumentCache full:https://registry.npmjs.org/@esbuild%2fwin32-x64 cache-miss
924 silly fetch manifest @esbuild/darwin-x64@0.25.12
925 silly packumentCache full:https://registry.npmjs.org/@esbuild%2fdarwin-x64 cache-miss
926 silly fetch manifest @esbuild/linux-ia32@0.25.12
927 silly packumentCache full:https://registry.npmjs.org/@esbuild%2flinux-ia32 cache-miss
928 silly fetch manifest @esbuild/netbsd-x64@0.25.12
929 silly packumentCache full:https://registry.npmjs.org/@esbuild%2fnetbsd-x64 cache-miss
930 silly fetch manifest @esbuild/win32-ia32@0.25.12
931 silly packumentCache full:https://registry.npmjs.org/@esbuild%2fwin32-ia32 cache-miss
932 silly fetch manifest @esbuild/android-arm@0.25.12
933 silly packumentCache full:https://registry.npmjs.org/@esbuild%2fandroid-arm cache-miss
934 silly fetch manifest @esbuild/android-x64@0.25.12
935 silly packumentCache full:https://registry.npmjs.org/@esbuild%2fandroid-x64 cache-miss
936 http fetch GET 200 https://registry.npmjs.org/@esbuild%2faix-ppc64 57ms (cache miss)
937 silly packumentCache full:https://registry.npmjs.org/@esbuild%2faix-ppc64 set size:undefined disposed:false
938 silly fetch manifest @esbuild/freebsd-x64@0.25.12
939 silly packumentCache full:https://registry.npmjs.org/@esbuild%2ffreebsd-x64 cache-miss
940 http fetch GET 200 https://registry.npmjs.org/@esbuild%2flinux-ia32 101ms (cache miss)
941 silly packumentCache full:https://registry.npmjs.org/@esbuild%2flinux-ia32 set size:undefined disposed:false
942 silly fetch manifest @esbuild/linux-arm64@0.25.12
943 silly packumentCache full:https://registry.npmjs.org/@esbuild%2flinux-arm64 cache-miss
944 http fetch GET 200 https://registry.npmjs.org/@esbuild%2fnetbsd-x64 114ms (cache miss)
945 silly packumentCache full:https://registry.npmjs.org/@esbuild%2fnetbsd-x64 set size:undefined disposed:false
946 silly fetch manifest @esbuild/linux-ppc64@0.25.12
947 silly packumentCache full:https://registry.npmjs.org/@esbuild%2flinux-ppc64 cache-miss
948 http fetch GET 200 https://registry.npmjs.org/@esbuild%2fwin32-ia32 161ms (cache miss)
949 silly packumentCache full:https://registry.npmjs.org/@esbuild%2fwin32-ia32 set size:undefined disposed:false
950 silly fetch manifest @esbuild/linux-s390x@0.25.12
951 silly packumentCache full:https://registry.npmjs.org/@esbuild%2flinux-s390x cache-miss
952 http fetch GET 200 https://registry.npmjs.org/@esbuild%2fandroid-arm 172ms (cache miss)
953 silly packumentCache full:https://registry.npmjs.org/@esbuild%2fandroid-arm set size:undefined disposed:false
954 silly fetch manifest @esbuild/openbsd-x64@0.25.12
955 silly packumentCache full:https://registry.npmjs.org/@esbuild%2fopenbsd-x64 cache-miss
956 http fetch GET 200 https://registry.npmjs.org/@esbuild%2fwin32-x64 189ms (cache miss)
957 silly packumentCache full:https://registry.npmjs.org/@esbuild%2fwin32-x64 set size:undefined disposed:false
958 silly fetch manifest @esbuild/win32-arm64@0.25.12
959 silly packumentCache full:https://registry.npmjs.org/@esbuild%2fwin32-arm64 cache-miss
960 http fetch GET 200 https://registry.npmjs.org/@esbuild%2flinux-x64 206ms (cache miss)
961 silly packumentCache full:https://registry.npmjs.org/@esbuild%2flinux-x64 set size:undefined disposed:false
962 silly fetch manifest @esbuild/darwin-arm64@0.25.12
963 silly packumentCache full:https://registry.npmjs.org/@esbuild%2fdarwin-arm64 cache-miss
964 http fetch GET 200 https://registry.npmjs.org/@esbuild%2flinux-arm 211ms (cache miss)
965 silly packumentCache full:https://registry.npmjs.org/@esbuild%2flinux-arm set size:undefined disposed:false
966 silly fetch manifest @esbuild/netbsd-arm64@0.25.12
967 silly packumentCache full:https://registry.npmjs.org/@esbuild%2fnetbsd-arm64 cache-miss
968 http fetch GET 200 https://registry.npmjs.org/@esbuild%2fsunos-x64 221ms (cache miss)
969 silly packumentCache full:https://registry.npmjs.org/@esbuild%2fsunos-x64 set size:undefined disposed:false
970 silly fetch manifest @esbuild/android-arm64@0.25.12
971 silly packumentCache full:https://registry.npmjs.org/@esbuild%2fandroid-arm64 cache-miss
972 http fetch GET 200 https://registry.npmjs.org/@esbuild%2fandroid-x64 224ms (cache miss)
973 silly packumentCache full:https://registry.npmjs.org/@esbuild%2fandroid-x64 set size:undefined disposed:false
974 silly fetch manifest @esbuild/freebsd-arm64@0.25.12
975 silly packumentCache full:https://registry.npmjs.org/@esbuild%2ffreebsd-arm64 cache-miss
976 http fetch GET 200 https://registry.npmjs.org/@esbuild%2ffreebsd-x64 178ms (cache miss)
977 silly packumentCache full:https://registry.npmjs.org/@esbuild%2ffreebsd-x64 set size:undefined disposed:false
978 silly fetch manifest @esbuild/linux-loong64@0.25.12
979 silly packumentCache full:https://registry.npmjs.org/@esbuild%2flinux-loong64 cache-miss
980 http fetch GET 200 https://registry.npmjs.org/@esbuild%2fdarwin-x64 237ms (cache miss)
981 silly packumentCache full:https://registry.npmjs.org/@esbuild%2fdarwin-x64 set size:undefined disposed:false
982 silly fetch manifest @esbuild/linux-riscv64@0.25.12
983 silly packumentCache full:https://registry.npmjs.org/@esbuild%2flinux-riscv64 cache-miss
984 http fetch GET 200 https://registry.npmjs.org/@esbuild%2flinux-ppc64 138ms (cache miss)
985 silly packumentCache full:https://registry.npmjs.org/@esbuild%2flinux-ppc64 set size:undefined disposed:false
986 silly fetch manifest @esbuild/openbsd-arm64@0.25.12
987 silly packumentCache full:https://registry.npmjs.org/@esbuild%2fopenbsd-arm64 cache-miss
988 http fetch GET 200 https://registry.npmjs.org/@esbuild%2flinux-arm64 161ms (cache miss)
989 silly packumentCache full:https://registry.npmjs.org/@esbuild%2flinux-arm64 set size:undefined disposed:false
990 silly fetch manifest @esbuild/linux-mips64el@0.25.12
991 silly packumentCache full:https://registry.npmjs.org/@esbuild%2flinux-mips64el cache-miss
992 http fetch GET 200 https://registry.npmjs.org/@esbuild%2flinux-s390x 106ms (cache miss)
993 silly packumentCache full:https://registry.npmjs.org/@esbuild%2flinux-s390x set size:undefined disposed:false
994 silly fetch manifest @esbuild/openharmony-arm64@0.25.12
995 silly packumentCache full:https://registry.npmjs.org/@esbuild%2fopenharmony-arm64 cache-miss
996 http fetch GET 200 https://registry.npmjs.org/@esbuild%2fopenbsd-x64 103ms (cache miss)
997 silly packumentCache full:https://registry.npmjs.org/@esbuild%2fopenbsd-x64 set size:undefined disposed:false
998 silly fetch manifest @types/estree@1.0.8
999 silly packumentCache full:https://registry.npmjs.org/@types%2festree cache-miss
1000 http fetch GET 200 https://registry.npmjs.org/@esbuild%2fnetbsd-arm64 84ms (cache miss)
1001 silly packumentCache full:https://registry.npmjs.org/@esbuild%2fnetbsd-arm64 set size:undefined disposed:false
1002 silly fetch manifest @rollup/rollup-darwin-arm64@4.60.3
1003 silly packumentCache full:https://registry.npmjs.org/@rollup%2frollup-darwin-arm64 cache-miss
1004 http fetch GET 200 https://registry.npmjs.org/@esbuild%2fwin32-arm64 113ms (cache miss)
1005 silly packumentCache full:https://registry.npmjs.org/@esbuild%2fwin32-arm64 set size:undefined disposed:false
1006 silly fetch manifest @rollup/rollup-android-arm64@4.60.3
1007 silly packumentCache full:https://registry.npmjs.org/@rollup%2frollup-android-arm64 cache-miss
1008 http fetch GET 200 https://registry.npmjs.org/@esbuild%2flinux-loong64 83ms (cache miss)
1009 silly packumentCache full:https://registry.npmjs.org/@esbuild%2flinux-loong64 set size:undefined disposed:false
1010 silly fetch manifest @rollup/rollup-win32-arm64-msvc@4.60.3
1011 silly packumentCache full:https://registry.npmjs.org/@rollup%2frollup-win32-arm64-msvc cache-miss
1012 http fetch GET 200 https://registry.npmjs.org/@esbuild%2fopenbsd-arm64 92ms (cache miss)
1013 silly packumentCache full:https://registry.npmjs.org/@esbuild%2fopenbsd-arm64 set size:undefined disposed:false
1014 silly fetch manifest @rollup/rollup-freebsd-arm64@4.60.3
1015 silly packumentCache full:https://registry.npmjs.org/@rollup%2frollup-freebsd-arm64 cache-miss
1016 http fetch GET 200 https://registry.npmjs.org/@esbuild%2fandroid-arm64 139ms (cache miss)
1017 silly packumentCache full:https://registry.npmjs.org/@esbuild%2fandroid-arm64 set size:undefined disposed:false
1018 silly fetch manifest @rollup/rollup-linux-arm64-gnu@4.60.3
1019 silly packumentCache full:https://registry.npmjs.org/@rollup%2frollup-linux-arm64-gnu cache-miss
1020 http fetch GET 200 https://registry.npmjs.org/@esbuild%2ffreebsd-arm64 139ms (cache miss)
1021 silly packumentCache full:https://registry.npmjs.org/@esbuild%2ffreebsd-arm64 set size:undefined disposed:false
1022 silly fetch manifest @rollup/rollup-linux-arm64-musl@4.60.3
1023 silly packumentCache full:https://registry.npmjs.org/@rollup%2frollup-linux-arm64-musl cache-miss
1024 http fetch GET 200 https://registry.npmjs.org/@rollup%2frollup-linux-arm64-musl 110ms (cache miss)
1025 silly packumentCache full:https://registry.npmjs.org/@rollup%2frollup-linux-arm64-musl set size:undefined disposed:false
1026 silly fetch manifest @rollup/rollup-android-arm-eabi@4.60.3
1027 silly packumentCache full:https://registry.npmjs.org/@rollup%2frollup-android-arm-eabi cache-miss
1028 http fetch GET 200 https://registry.npmjs.org/@rollup%2frollup-darwin-arm64 197ms (cache miss)
1029 silly packumentCache full:https://registry.npmjs.org/@rollup%2frollup-darwin-arm64 set size:undefined disposed:false
1030 silly fetch manifest @rollup/rollup-linux-arm-gnueabihf@4.60.3
1031 silly packumentCache full:https://registry.npmjs.org/@rollup%2frollup-linux-arm-gnueabihf cache-miss
1032 http fetch GET 200 https://registry.npmjs.org/@esbuild%2fdarwin-arm64 293ms (cache miss)
1033 silly packumentCache full:https://registry.npmjs.org/@esbuild%2fdarwin-arm64 set size:undefined disposed:false
1034 silly fetch manifest @rollup/rollup-linux-arm-musleabihf@4.60.3
1035 silly packumentCache full:https://registry.npmjs.org/@rollup%2frollup-linux-arm-musleabihf cache-miss
1036 http fetch GET 200 https://registry.npmjs.org/@esbuild%2flinux-riscv64 278ms (cache miss)
1037 silly packumentCache full:https://registry.npmjs.org/@esbuild%2flinux-riscv64 set size:undefined disposed:false
1038 silly fetch manifest @rollup/rollup-win32-ia32-msvc@4.60.3
1039 silly packumentCache full:https://registry.npmjs.org/@rollup%2frollup-win32-ia32-msvc cache-miss
1040 http fetch GET 200 https://registry.npmjs.org/@types%2festree 265ms (cache miss)
1041 silly packumentCache full:https://registry.npmjs.org/@types%2festree set size:undefined disposed:false
1042 silly fetch manifest @rollup/rollup-linux-loong64-gnu@4.60.3
1043 silly packumentCache full:https://registry.npmjs.org/@rollup%2frollup-linux-loong64-gnu cache-miss
1044 http fetch GET 200 https://registry.npmjs.org/@esbuild%2flinux-mips64el 326ms (cache miss)
1045 silly packumentCache full:https://registry.npmjs.org/@esbuild%2flinux-mips64el set size:undefined disposed:false
1046 silly fetch manifest @rollup/rollup-linux-loong64-musl@4.60.3
1047 silly packumentCache full:https://registry.npmjs.org/@rollup%2frollup-linux-loong64-musl cache-miss
1048 http fetch GET 200 https://registry.npmjs.org/@rollup%2frollup-linux-arm-musleabihf 154ms (cache miss)
1049 silly packumentCache full:https://registry.npmjs.org/@rollup%2frollup-linux-arm-musleabihf set size:undefined disposed:false
1050 silly fetch manifest @rollup/rollup-linux-riscv64-gnu@4.60.3
1051 silly packumentCache full:https://registry.npmjs.org/@rollup%2frollup-linux-riscv64-gnu cache-miss
1052 http fetch GET 200 https://registry.npmjs.org/@rollup%2frollup-win32-arm64-msvc 337ms (cache miss)
1053 silly packumentCache full:https://registry.npmjs.org/@rollup%2frollup-win32-arm64-msvc set size:undefined disposed:false
1054 silly fetch manifest @rollup/rollup-linux-riscv64-musl@4.60.3
1055 silly packumentCache full:https://registry.npmjs.org/@rollup%2frollup-linux-riscv64-musl cache-miss
1056 http fetch GET 200 https://registry.npmjs.org/@rollup%2frollup-android-arm64 384ms (cache miss)
1057 silly packumentCache full:https://registry.npmjs.org/@rollup%2frollup-android-arm64 set size:undefined disposed:false
1058 silly fetch manifest @rollup/rollup-linux-ppc64-gnu@4.60.3
1059 silly packumentCache full:https://registry.npmjs.org/@rollup%2frollup-linux-ppc64-gnu cache-miss
1060 http fetch GET 200 https://registry.npmjs.org/@rollup%2frollup-win32-ia32-msvc 184ms (cache miss)
1061 silly packumentCache full:https://registry.npmjs.org/@rollup%2frollup-win32-ia32-msvc set size:undefined disposed:false
1062 silly fetch manifest @rollup/rollup-linux-ppc64-musl@4.60.3
1063 silly packumentCache full:https://registry.npmjs.org/@rollup%2frollup-linux-ppc64-musl cache-miss
1064 http fetch GET 200 https://registry.npmjs.org/@rollup%2frollup-linux-loong64-musl 114ms (cache miss)
1065 silly packumentCache full:https://registry.npmjs.org/@rollup%2frollup-linux-loong64-musl set size:undefined disposed:false
1066 silly fetch manifest @rollup/rollup-linux-s390x-gnu@4.60.3
1067 silly packumentCache full:https://registry.npmjs.org/@rollup%2frollup-linux-s390x-gnu cache-miss
1068 http fetch GET 200 https://registry.npmjs.org/@rollup%2frollup-linux-arm-gnueabihf 215ms (cache miss)
1069 silly packumentCache full:https://registry.npmjs.org/@rollup%2frollup-linux-arm-gnueabihf set size:undefined disposed:false
1070 silly fetch manifest @rollup/rollup-darwin-x64@4.60.3
1071 silly packumentCache full:https://registry.npmjs.org/@rollup%2frollup-darwin-x64 cache-miss
1072 http fetch GET 200 https://registry.npmjs.org/@rollup%2frollup-freebsd-arm64 374ms (cache miss)
1073 silly packumentCache full:https://registry.npmjs.org/@rollup%2frollup-freebsd-arm64 set size:undefined disposed:false
1074 silly fetch manifest @rollup/rollup-win32-x64-gnu@4.60.3
1075 silly packumentCache full:https://registry.npmjs.org/@rollup%2frollup-win32-x64-gnu cache-miss
1076 http fetch GET 200 https://registry.npmjs.org/@rollup%2frollup-linux-riscv64-gnu 73ms (cache miss)
1077 silly packumentCache full:https://registry.npmjs.org/@rollup%2frollup-linux-riscv64-gnu set size:undefined disposed:false
1078 silly fetch manifest @rollup/rollup-win32-x64-msvc@4.60.3
1079 silly packumentCache full:https://registry.npmjs.org/@rollup%2frollup-win32-x64-msvc cache-miss
1080 http fetch GET 200 https://registry.npmjs.org/@rollup%2frollup-linux-riscv64-musl 79ms (cache miss)
1081 silly packumentCache full:https://registry.npmjs.org/@rollup%2frollup-linux-riscv64-musl set size:undefined disposed:false
1082 silly fetch manifest @rollup/rollup-freebsd-x64@4.60.3
1083 silly packumentCache full:https://registry.npmjs.org/@rollup%2frollup-freebsd-x64 cache-miss
1084 http fetch GET 200 https://registry.npmjs.org/@esbuild%2fopenharmony-arm64 469ms (cache miss)
1085 silly packumentCache full:https://registry.npmjs.org/@esbuild%2fopenharmony-arm64 set size:undefined disposed:false
1086 silly fetch manifest @rollup/rollup-linux-x64-gnu@4.60.3
1087 silly packumentCache full:https://registry.npmjs.org/@rollup%2frollup-linux-x64-gnu cache-miss
1088 http fetch GET 200 https://registry.npmjs.org/@rollup%2frollup-linux-ppc64-gnu 63ms (cache miss)
1089 silly packumentCache full:https://registry.npmjs.org/@rollup%2frollup-linux-ppc64-gnu set size:undefined disposed:false
1090 silly fetch manifest @rollup/rollup-linux-x64-musl@4.60.3
1091 silly packumentCache full:https://registry.npmjs.org/@rollup%2frollup-linux-x64-musl cache-miss
1092 http fetch GET 200 https://registry.npmjs.org/@rollup%2frollup-linux-ppc64-musl 72ms (cache miss)
1093 silly packumentCache full:https://registry.npmjs.org/@rollup%2frollup-linux-ppc64-musl set size:undefined disposed:false
1094 silly fetch manifest @rollup/rollup-openbsd-x64@4.60.3
1095 silly packumentCache full:https://registry.npmjs.org/@rollup%2frollup-openbsd-x64 cache-miss
1096 http fetch GET 200 https://registry.npmjs.org/@rollup%2frollup-linux-s390x-gnu 71ms (cache miss)
1097 silly packumentCache full:https://registry.npmjs.org/@rollup%2frollup-linux-s390x-gnu set size:undefined disposed:false
1098 silly fetch manifest @rollup/rollup-openharmony-arm64@4.60.3
1099 silly packumentCache full:https://registry.npmjs.org/@rollup%2frollup-openharmony-arm64 cache-miss
1100 http fetch GET 200 https://registry.npmjs.org/@rollup%2frollup-win32-x64-gnu 67ms (cache miss)
1101 silly packumentCache full:https://registry.npmjs.org/@rollup%2frollup-win32-x64-gnu set size:undefined disposed:false
1102 http fetch GET 200 https://registry.npmjs.org/@rollup%2frollup-win32-x64-msvc 65ms (cache miss)
1103 silly packumentCache full:https://registry.npmjs.org/@rollup%2frollup-win32-x64-msvc set size:undefined disposed:false
1104 http fetch GET 200 https://registry.npmjs.org/@rollup%2frollup-android-arm-eabi 341ms (cache miss)
1105 silly packumentCache full:https://registry.npmjs.org/@rollup%2frollup-android-arm-eabi set size:undefined disposed:false
1106 http fetch GET 200 https://registry.npmjs.org/@rollup%2frollup-linux-x64-musl 101ms (cache miss)
1107 silly packumentCache full:https://registry.npmjs.org/@rollup%2frollup-linux-x64-musl set size:undefined disposed:false
1108 http fetch GET 200 https://registry.npmjs.org/@rollup%2frollup-openharmony-arm64 83ms (cache miss)
1109 silly packumentCache full:https://registry.npmjs.org/@rollup%2frollup-openharmony-arm64 set size:undefined disposed:false
1110 http fetch GET 200 https://registry.npmjs.org/@rollup%2frollup-openbsd-x64 96ms (cache miss)
1111 silly packumentCache full:https://registry.npmjs.org/@rollup%2frollup-openbsd-x64 set size:undefined disposed:false
1112 http fetch GET 200 https://registry.npmjs.org/@rollup%2frollup-darwin-x64 169ms (cache miss)
1113 silly packumentCache full:https://registry.npmjs.org/@rollup%2frollup-darwin-x64 set size:undefined disposed:false
1114 http fetch GET 200 https://registry.npmjs.org/@rollup%2frollup-linux-x64-gnu 144ms (cache miss)
1115 silly packumentCache full:https://registry.npmjs.org/@rollup%2frollup-linux-x64-gnu set size:undefined disposed:false
1116 http fetch GET 200 https://registry.npmjs.org/@rollup%2frollup-freebsd-x64 349ms (cache miss)
1117 silly packumentCache full:https://registry.npmjs.org/@rollup%2frollup-freebsd-x64 set size:undefined disposed:false
1118 http fetch GET 200 https://registry.npmjs.org/@rollup%2frollup-linux-arm64-gnu 766ms (cache miss)
1119 silly packumentCache full:https://registry.npmjs.org/@rollup%2frollup-linux-arm64-gnu set size:undefined disposed:false
1120 http fetch GET 200 https://registry.npmjs.org/@rollup%2frollup-linux-loong64-gnu 709ms (cache miss)
1121 silly packumentCache full:https://registry.npmjs.org/@rollup%2frollup-linux-loong64-gnu set size:undefined disposed:false
1122 silly placeDep ROOT @esbuild/aix-ppc64@0.25.12 OK for: esbuild@0.25.12 want: 0.25.12
1123 silly placeDep ROOT @esbuild/android-arm@0.25.12 OK for: esbuild@0.25.12 want: 0.25.12
1124 silly placeDep ROOT @esbuild/android-arm64@0.25.12 OK for: esbuild@0.25.12 want: 0.25.12
1125 silly placeDep ROOT @esbuild/android-x64@0.25.12 OK for: esbuild@0.25.12 want: 0.25.12
1126 silly placeDep ROOT @esbuild/darwin-arm64@0.25.12 OK for: esbuild@0.25.12 want: 0.25.12
1127 silly placeDep ROOT @esbuild/darwin-x64@0.25.12 OK for: esbuild@0.25.12 want: 0.25.12
1128 silly placeDep ROOT @esbuild/freebsd-arm64@0.25.12 OK for: esbuild@0.25.12 want: 0.25.12
1129 silly placeDep ROOT @esbuild/freebsd-x64@0.25.12 OK for: esbuild@0.25.12 want: 0.25.12
1130 silly placeDep ROOT @esbuild/linux-arm@0.25.12 OK for: esbuild@0.25.12 want: 0.25.12
1131 silly placeDep ROOT @esbuild/linux-arm64@0.25.12 OK for: esbuild@0.25.12 want: 0.25.12
1132 silly placeDep ROOT @esbuild/linux-ia32@0.25.12 OK for: esbuild@0.25.12 want: 0.25.12
1133 silly placeDep ROOT @esbuild/linux-loong64@0.25.12 OK for: esbuild@0.25.12 want: 0.25.12
1134 silly placeDep ROOT @esbuild/linux-mips64el@0.25.12 OK for: esbuild@0.25.12 want: 0.25.12
1135 silly placeDep ROOT @esbuild/linux-ppc64@0.25.12 OK for: esbuild@0.25.12 want: 0.25.12
1136 silly placeDep ROOT @esbuild/linux-riscv64@0.25.12 OK for: esbuild@0.25.12 want: 0.25.12
1137 silly placeDep ROOT @esbuild/linux-s390x@0.25.12 OK for: esbuild@0.25.12 want: 0.25.12
1138 silly placeDep ROOT @esbuild/linux-x64@0.25.12 OK for: esbuild@0.25.12 want: 0.25.12
1139 silly placeDep ROOT @esbuild/netbsd-arm64@0.25.12 OK for: esbuild@0.25.12 want: 0.25.12
1140 silly placeDep ROOT @esbuild/netbsd-x64@0.25.12 OK for: esbuild@0.25.12 want: 0.25.12
1141 silly placeDep ROOT @esbuild/openbsd-arm64@0.25.12 OK for: esbuild@0.25.12 want: 0.25.12
1142 silly placeDep ROOT @esbuild/openbsd-x64@0.25.12 OK for: esbuild@0.25.12 want: 0.25.12
1143 silly placeDep ROOT @esbuild/openharmony-arm64@0.25.12 OK for: esbuild@0.25.12 want: 0.25.12
1144 silly placeDep ROOT @esbuild/sunos-x64@0.25.12 OK for: esbuild@0.25.12 want: 0.25.12
1145 silly placeDep ROOT @esbuild/win32-arm64@0.25.12 OK for: esbuild@0.25.12 want: 0.25.12
1146 silly placeDep ROOT @esbuild/win32-ia32@0.25.12 OK for: esbuild@0.25.12 want: 0.25.12
1147 silly placeDep ROOT @esbuild/win32-x64@0.25.12 OK for: esbuild@0.25.12 want: 0.25.12
1148 silly placeDep ROOT @rollup/rollup-android-arm-eabi@4.60.3 OK for: rollup@4.60.3 want: 4.60.3
1149 silly placeDep ROOT @rollup/rollup-android-arm64@4.60.3 OK for: rollup@4.60.3 want: 4.60.3
1150 silly placeDep ROOT @rollup/rollup-darwin-arm64@4.60.3 OK for: rollup@4.60.3 want: 4.60.3
1151 silly placeDep ROOT @rollup/rollup-darwin-x64@4.60.3 OK for: rollup@4.60.3 want: 4.60.3
1152 silly placeDep ROOT @rollup/rollup-freebsd-arm64@4.60.3 OK for: rollup@4.60.3 want: 4.60.3
1153 silly placeDep ROOT @rollup/rollup-freebsd-x64@4.60.3 OK for: rollup@4.60.3 want: 4.60.3
1154 silly placeDep ROOT @rollup/rollup-linux-arm-gnueabihf@4.60.3 OK for: rollup@4.60.3 want: 4.60.3
1155 silly placeDep ROOT @rollup/rollup-linux-arm-musleabihf@4.60.3 OK for: rollup@4.60.3 want: 4.60.3
1156 silly placeDep ROOT @rollup/rollup-linux-arm64-gnu@4.60.3 OK for: rollup@4.60.3 want: 4.60.3
1157 silly placeDep ROOT @rollup/rollup-linux-arm64-musl@4.60.3 OK for: rollup@4.60.3 want: 4.60.3
1158 silly placeDep ROOT @rollup/rollup-linux-loong64-gnu@4.60.3 OK for: rollup@4.60.3 want: 4.60.3
1159 silly placeDep ROOT @rollup/rollup-linux-loong64-musl@4.60.3 OK for: rollup@4.60.3 want: 4.60.3
1160 silly placeDep ROOT @rollup/rollup-linux-ppc64-gnu@4.60.3 OK for: rollup@4.60.3 want: 4.60.3
1161 silly placeDep ROOT @rollup/rollup-linux-ppc64-musl@4.60.3 OK for: rollup@4.60.3 want: 4.60.3
1162 silly placeDep ROOT @rollup/rollup-linux-riscv64-gnu@4.60.3 OK for: rollup@4.60.3 want: 4.60.3
1163 silly placeDep ROOT @rollup/rollup-linux-riscv64-musl@4.60.3 OK for: rollup@4.60.3 want: 4.60.3
1164 silly placeDep ROOT @rollup/rollup-linux-s390x-gnu@4.60.3 OK for: rollup@4.60.3 want: 4.60.3
1165 silly placeDep ROOT @rollup/rollup-linux-x64-gnu@4.60.3 OK for: rollup@4.60.3 want: 4.60.3
1166 silly placeDep ROOT @rollup/rollup-linux-x64-musl@4.60.3 OK for: rollup@4.60.3 want: 4.60.3
1167 silly placeDep ROOT @rollup/rollup-openbsd-x64@4.60.3 OK for: rollup@4.60.3 want: 4.60.3
1168 silly placeDep ROOT @rollup/rollup-openharmony-arm64@4.60.3 OK for: rollup@4.60.3 want: 4.60.3
1169 silly placeDep ROOT @rollup/rollup-win32-arm64-msvc@4.60.3 OK for: rollup@4.60.3 want: 4.60.3
1170 silly placeDep ROOT @rollup/rollup-win32-ia32-msvc@4.60.3 OK for: rollup@4.60.3 want: 4.60.3
1171 silly placeDep ROOT @rollup/rollup-win32-x64-gnu@4.60.3 OK for: rollup@4.60.3 want: 4.60.3
1172 silly placeDep ROOT @rollup/rollup-win32-x64-msvc@4.60.3 OK for: rollup@4.60.3 want: 4.60.3
1173 silly placeDep ROOT @types/estree@1.0.8 OK for: rollup@4.60.3 want: 1.0.8
1174 silly reify moves {}
1175 silly audit bulk request {
1175 silly audit   '@vitejs/plugin-react': [ '4.7.0' ],
1175 silly audit   vite: [ '6.4.2' ],
1175 silly audit   autoprefixer: [ '10.5.0' ],
1175 silly audit   postcss: [ '8.5.14' ],
1175 silly audit   axios: [ '1.16.0' ],
1175 silly audit   'lucide-react': [ '0.468.0' ],
1175 silly audit   react: [ '18.3.1' ],
1175 silly audit   'react-dom': [ '18.3.1' ],
1175 silly audit   tailwindcss: [ '3.4.19' ],
1175 silly audit   '@babel/core': [ '7.29.0' ],
1175 silly audit   '@babel/plugin-transform-react-jsx-self': [ '7.27.1' ],
1175 silly audit   '@babel/plugin-transform-react-jsx-source': [ '7.27.1' ],
1175 silly audit   '@rolldown/pluginutils': [ '1.0.0-beta.27' ],
1175 silly audit   '@types/babel__core': [ '7.20.5' ],
1175 silly audit   'react-refresh': [ '0.17.0' ],
1175 silly audit   '@babel/code-frame': [ '7.29.0' ],
1175 silly audit   '@babel/generator': [ '7.29.1' ],
1175 silly audit   '@babel/helper-compilation-targets': [ '7.28.6' ],
1175 silly audit   '@babel/helper-module-transforms': [ '7.28.6' ],
1175 silly audit   '@babel/helpers': [ '7.29.2' ],
1175 silly audit   '@babel/parser': [ '7.29.3' ],
1175 silly audit   '@babel/template': [ '7.28.6' ],
1175 silly audit   '@babel/traverse': [ '7.29.0' ],
1175 silly audit   '@babel/types': [ '7.29.0' ],
1175 silly audit   '@jridgewell/remapping': [ '2.3.5' ],
1175 silly audit   'convert-source-map': [ '2.0.0' ],
1175 silly audit   debug: [ '4.4.3' ],
1175 silly audit   gensync: [ '1.0.0-beta.2' ],
1175 silly audit   json5: [ '2.2.3' ],
1175 silly audit   semver: [ '6.3.1' ],
1175 silly audit   '@babel/helper-validator-identifier': [ '7.28.5' ],
1175 silly audit   'js-tokens': [ '4.0.0' ],
1175 silly audit   picocolors: [ '1.1.1' ],
1175 silly audit   '@jridgewell/gen-mapping': [ '0.3.13' ],
1175 silly audit   '@jridgewell/trace-mapping': [ '0.3.31' ],
1175 silly audit   jsesc: [ '3.1.0' ],
1175 silly audit   '@babel/compat-data': [ '7.29.3' ],
1175 silly audit   '@babel/helper-validator-option': [ '7.27.1' ],
1175 silly audit   browserslist: [ '4.28.2' ],
1175 silly audit   'lru-cache': [ '5.1.1' ],
1175 silly audit   '@babel/helper-module-imports': [ '7.28.6' ],
1175 silly audit   '@babel/helper-plugin-utils': [ '7.28.6' ],
1175 silly audit   '@babel/helper-globals': [ '7.28.0' ],
1175 silly audit   '@babel/helper-string-parser': [ '7.27.1' ],
1175 silly audit   '@jridgewell/sourcemap-codec': [ '1.5.5' ],
1175 silly audit   '@jridgewell/resolve-uri': [ '3.1.2' ],
1175 silly audit   '@types/babel__generator': [ '7.27.0' ],
1175 silly audit   '@types/babel__template': [ '7.4.4' ],
1175 silly audit   '@types/babel__traverse': [ '7.28.0' ],
1175 silly audit   'caniuse-lite': [ '1.0.30001792' ],
1175 silly audit   'fraction.js': [ '5.3.4' ],
1175 silly audit   'postcss-value-parser': [ '4.2.0' ],
1175 silly audit   'follow-redirects': [ '1.16.0' ],
1175 silly audit   'form-data': [ '4.0.5' ],
1175 silly audit   'proxy-from-env': [ '2.1.0' ],
1175 silly audit   'baseline-browser-mapping': [ '2.10.27' ],
1175 silly audit   'electron-to-chromium': [ '1.5.352' ],
1175 silly audit   'node-releases': [ '2.0.38' ],
1175 silly audit   'update-browserslist-db': [ '1.2.3' ],
1175 silly audit   ms: [ '2.1.3' ],
1175 silly audit   asynckit: [ '0.4.0' ],
1175 silly audit   'combined-stream': [ '1.0.8' ],
1175 silly audit   'es-set-tostringtag': [ '2.1.0' ],
1175 silly audit   hasown: [ '2.0.3' ],
1175 silly audit   'mime-types': [ '2.1.35' ],
1175 silly audit   'delayed-stream': [ '1.0.0' ],
1175 silly audit   'es-errors': [ '1.3.0' ],
1175 silly audit   'get-intrinsic': [ '1.3.0' ],
1175 silly audit   'has-tostringtag': [ '1.0.2' ],
1175 silly audit   'call-bind-apply-helpers': [ '1.0.2' ],
1175 silly audit   'es-define-property': [ '1.0.1' ],
1175 silly audit   'es-object-atoms': [ '1.1.1' ],
1175 silly audit   'function-bind': [ '1.1.2' ],
1175 silly audit   'get-proto': [ '1.0.1' ],
1175 silly audit   gopd: [ '1.2.0' ],
1175 silly audit   'has-symbols': [ '1.1.0' ],
1175 silly audit   'math-intrinsics': [ '1.1.0' ],
1175 silly audit   'dunder-proto': [ '1.0.1' ],
1175 silly audit   yallist: [ '3.1.1' ],
1175 silly audit   'mime-db': [ '1.52.0' ],
1175 silly audit   nanoid: [ '3.3.12' ],
1175 silly audit   'source-map-js': [ '1.2.1' ],
1175 silly audit   'loose-envify': [ '1.4.0' ],
1175 silly audit   scheduler: [ '0.23.2' ],
1175 silly audit   '@alloc/quick-lru': [ '5.2.0' ],
1175 silly audit   arg: [ '5.0.2' ],
1175 silly audit   chokidar: [ '3.6.0' ],
1175 silly audit   didyoumean: [ '1.2.2' ],
1175 silly audit   dlv: [ '1.1.3' ],
1175 silly audit   'fast-glob': [ '3.3.3' ],
1175 silly audit   'glob-parent': [ '6.0.2', '5.1.2' ],
1175 silly audit   'is-glob': [ '4.0.3' ],
1175 silly audit   jiti: [ '1.21.7' ],
1175 silly audit   lilconfig: [ '3.1.3' ],
1175 silly audit   micromatch: [ '4.0.8' ],
1175 silly audit   'normalize-path': [ '3.0.0' ],
1175 silly audit   'object-hash': [ '3.0.0' ],
1175 silly audit   'postcss-import': [ '15.1.0' ],
1175 silly audit   'postcss-js': [ '4.1.0' ],
1175 silly audit   'postcss-load-config': [ '6.0.1' ],
1175 silly audit   'postcss-nested': [ '6.2.0' ],
1175 silly audit   'postcss-selector-parser': [ '6.1.2' ],
1175 silly audit   resolve: [ '1.22.12' ],
1175 silly audit   sucrase: [ '3.35.1' ],
1175 silly audit   anymatch: [ '3.1.3' ],
1175 silly audit   braces: [ '3.0.3' ],
1175 silly audit   fsevents: [ '2.3.3' ],
1175 silly audit   'is-binary-path': [ '2.1.0' ],
1175 silly audit   readdirp: [ '3.6.0' ],
1175 silly audit   picomatch: [ '2.3.2', '4.0.4' ],
1175 silly audit   'fill-range': [ '7.1.1' ],
1175 silly audit   '@nodelib/fs.stat': [ '2.0.5' ],
1175 silly audit   '@nodelib/fs.walk': [ '1.2.8' ],
1175 silly audit   merge2: [ '1.4.1' ],
1175 silly audit   '@nodelib/fs.scandir': [ '2.1.5' ],
1175 silly audit   fastq: [ '1.20.1' ],
1175 silly audit   'run-parallel': [ '1.2.0' ],
1175 silly audit   reusify: [ '1.1.0' ],
1175 silly audit   'to-regex-range': [ '5.0.1' ],
1175 silly audit   'binary-extensions': [ '2.3.0' ],
1175 silly audit   'is-extglob': [ '2.1.1' ],
1175 silly audit   'read-cache': [ '1.0.0' ],
1175 silly audit   'camelcase-css': [ '2.0.1' ],
1175 silly audit   cssesc: [ '3.0.0' ],
1175 silly audit   'util-deprecate': [ '1.0.2' ],
1175 silly audit   pify: [ '2.3.0' ],
1175 silly audit   'is-core-module': [ '2.16.2' ],
1175 silly audit   'path-parse': [ '1.0.7' ],
1175 silly audit   'supports-preserve-symlinks-flag': [ '1.0.0' ],
1175 silly audit   'queue-microtask': [ '1.2.3' ],
1175 silly audit   commander: [ '4.1.1' ],
1175 silly audit   'lines-and-columns': [ '1.2.4' ],
1175 silly audit   mz: [ '2.7.0' ],
1175 silly audit   pirates: [ '4.0.7' ],
1175 silly audit   tinyglobby: [ '0.2.16' ],
1175 silly audit   'ts-interface-checker': [ '0.1.13' ],
1175 silly audit   'any-promise': [ '1.3.0' ],
1175 silly audit   'object-assign': [ '4.1.1' ],
1175 silly audit   'thenify-all': [ '1.6.0' ],
1175 silly audit   thenify: [ '3.3.1' ],
1175 silly audit   fdir: [ '6.5.0' ],
1175 silly audit   'is-number': [ '7.0.0' ],
1175 silly audit   escalade: [ '3.2.0' ],
1175 silly audit   esbuild: [ '0.25.12' ],
1175 silly audit   rollup: [ '4.60.3' ],
1175 silly audit   '@esbuild/aix-ppc64': [ '0.25.12' ],
1175 silly audit   '@esbuild/android-arm': [ '0.25.12' ],
1175 silly audit   '@esbuild/android-arm64': [ '0.25.12' ],
1175 silly audit   '@esbuild/android-x64': [ '0.25.12' ],
1175 silly audit   '@esbuild/darwin-arm64': [ '0.25.12' ],
1175 silly audit   '@esbuild/darwin-x64': [ '0.25.12' ],
1175 silly audit   '@esbuild/freebsd-arm64': [ '0.25.12' ],
1175 silly audit   '@esbuild/freebsd-x64': [ '0.25.12' ],
1175 silly audit   '@esbuild/linux-arm': [ '0.25.12' ],
1175 silly audit   '@esbuild/linux-arm64': [ '0.25.12' ],
1175 silly audit   '@esbuild/linux-ia32': [ '0.25.12' ],
1175 silly audit   '@esbuild/linux-loong64': [ '0.25.12' ],
1175 silly audit   '@esbuild/linux-mips64el': [ '0.25.12' ],
1175 silly audit   '@esbuild/linux-ppc64': [ '0.25.12' ],
1175 silly audit   '@esbuild/linux-riscv64': [ '0.25.12' ],
1175 silly audit   '@esbuild/linux-s390x': [ '0.25.12' ],
1175 silly audit   '@esbuild/linux-x64': [ '0.25.12' ],
1175 silly audit   '@esbuild/netbsd-arm64': [ '0.25.12' ],
1175 silly audit   '@esbuild/netbsd-x64': [ '0.25.12' ],
1175 silly audit   '@esbuild/openbsd-arm64': [ '0.25.12' ],
1175 silly audit   '@esbuild/openbsd-x64': [ '0.25.12' ],
1175 silly audit   '@esbuild/openharmony-arm64': [ '0.25.12' ],
1175 silly audit   '@esbuild/sunos-x64': [ '0.25.12' ],
1175 silly audit   '@esbuild/win32-arm64': [ '0.25.12' ],
1175 silly audit   '@esbuild/win32-ia32': [ '0.25.12' ],
1175 silly audit   '@esbuild/win32-x64': [ '0.25.12' ],
1175 silly audit   '@rollup/rollup-android-arm-eabi': [ '4.60.3' ],
1175 silly audit   '@rollup/rollup-android-arm64': [ '4.60.3' ],
1175 silly audit   '@rollup/rollup-darwin-arm64': [ '4.60.3' ],
1175 silly audit   '@rollup/rollup-darwin-x64': [ '4.60.3' ],
1175 silly audit   '@rollup/rollup-freebsd-arm64': [ '4.60.3' ],
1175 silly audit   '@rollup/rollup-freebsd-x64': [ '4.60.3' ],
1175 silly audit   '@rollup/rollup-linux-arm-gnueabihf': [ '4.60.3' ],
1175 silly audit   '@rollup/rollup-linux-arm-musleabihf': [ '4.60.3' ],
1175 silly audit   '@rollup/rollup-linux-arm64-gnu': [ '4.60.3' ],
1175 silly audit   '@rollup/rollup-linux-arm64-musl': [ '4.60.3' ],
1175 silly audit   '@rollup/rollup-linux-loong64-gnu': [ '4.60.3' ],
1175 silly audit   '@rollup/rollup-linux-loong64-musl': [ '4.60.3' ],
1175 silly audit   '@rollup/rollup-linux-ppc64-gnu': [ '4.60.3' ],
1175 silly audit   '@rollup/rollup-linux-ppc64-musl': [ '4.60.3' ],
1175 silly audit   '@rollup/rollup-linux-riscv64-gnu': [ '4.60.3' ],
1175 silly audit   '@rollup/rollup-linux-riscv64-musl': [ '4.60.3' ],
1175 silly audit   '@rollup/rollup-linux-s390x-gnu': [ '4.60.3' ],
1175 silly audit   '@rollup/rollup-linux-x64-gnu': [ '4.60.3' ],
1175 silly audit   '@rollup/rollup-linux-x64-musl': [ '4.60.3' ],
1175 silly audit   '@rollup/rollup-openbsd-x64': [ '4.60.3' ],
1175 silly audit   '@rollup/rollup-openharmony-arm64': [ '4.60.3' ],
1175 silly audit   '@rollup/rollup-win32-arm64-msvc': [ '4.60.3' ],
1175 silly audit   '@rollup/rollup-win32-ia32-msvc': [ '4.60.3' ],
1175 silly audit   '@rollup/rollup-win32-x64-gnu': [ '4.60.3' ],
1175 silly audit   '@rollup/rollup-win32-x64-msvc': [ '4.60.3' ],
1175 silly audit   '@types/estree': [ '1.0.8' ]
1175 silly audit }
1176 http cache @esbuild/win32-x64@https://registry.npmjs.org/@esbuild/win32-x64/-/win32-x64-0.25.12.tgz 0ms (cache hit)
1177 http cache @rollup/rollup-win32-x64-msvc@https://registry.npmjs.org/@rollup/rollup-win32-x64-msvc/-/rollup-win32-x64-msvc-4.60.3.tgz 0ms (cache hit)
1178 http cache @rollup/rollup-win32-x64-gnu@https://registry.npmjs.org/@rollup/rollup-win32-x64-gnu/-/rollup-win32-x64-gnu-4.60.3.tgz 0ms (cache hit)
1179 http cache @types/estree@https://registry.npmjs.org/@types/estree/-/estree-1.0.8.tgz 0ms (cache hit)
1180 http cache is-number@https://registry.npmjs.org/is-number/-/is-number-7.0.0.tgz 0ms (cache hit)
1181 http cache esbuild@https://registry.npmjs.org/esbuild/-/esbuild-0.25.12.tgz 0ms (cache hit)
1182 http cache rollup@https://registry.npmjs.org/rollup/-/rollup-4.60.3.tgz 0ms (cache hit)
1183 http cache thenify@https://registry.npmjs.org/thenify/-/thenify-3.3.1.tgz 0ms (cache hit)
1184 http cache escalade@https://registry.npmjs.org/escalade/-/escalade-3.2.0.tgz 0ms (cache hit)
1185 http cache thenify-all@https://registry.npmjs.org/thenify-all/-/thenify-all-1.6.0.tgz 0ms (cache hit)
1186 http cache object-assign@https://registry.npmjs.org/object-assign/-/object-assign-4.1.1.tgz 0ms (cache hit)
1187 http cache ts-interface-checker@https://registry.npmjs.org/ts-interface-checker/-/ts-interface-checker-0.1.13.tgz 0ms (cache hit)
1188 http cache any-promise@https://registry.npmjs.org/any-promise/-/any-promise-1.3.0.tgz 0ms (cache hit)
1189 http cache pirates@https://registry.npmjs.org/pirates/-/pirates-4.0.7.tgz 0ms (cache hit)
1190 http cache tinyglobby@https://registry.npmjs.org/tinyglobby/-/tinyglobby-0.2.16.tgz 0ms (cache hit)
1191 http cache mz@https://registry.npmjs.org/mz/-/mz-2.7.0.tgz 0ms (cache hit)
1192 http cache lines-and-columns@https://registry.npmjs.org/lines-and-columns/-/lines-and-columns-1.2.4.tgz 0ms (cache hit)
1193 http cache commander@https://registry.npmjs.org/commander/-/commander-4.1.1.tgz 0ms (cache hit)
1194 http cache path-parse@https://registry.npmjs.org/path-parse/-/path-parse-1.0.7.tgz 0ms (cache hit)
1195 http cache is-core-module@https://registry.npmjs.org/is-core-module/-/is-core-module-2.16.2.tgz 0ms (cache hit)
1196 http cache supports-preserve-symlinks-flag@https://registry.npmjs.org/supports-preserve-symlinks-flag/-/supports-preserve-symlinks-flag-1.0.0.tgz 0ms (cache hit)
1197 http cache util-deprecate@https://registry.npmjs.org/util-deprecate/-/util-deprecate-1.0.2.tgz 0ms (cache hit)
1198 http cache queue-microtask@https://registry.npmjs.org/queue-microtask/-/queue-microtask-1.2.3.tgz 0ms (cache hit)
1199 http cache pify@https://registry.npmjs.org/pify/-/pify-2.3.0.tgz 0ms (cache hit)
1200 http cache camelcase-css@https://registry.npmjs.org/camelcase-css/-/camelcase-css-2.0.1.tgz 0ms (cache hit)
1201 http cache read-cache@https://registry.npmjs.org/read-cache/-/read-cache-1.0.0.tgz 0ms (cache hit)
1202 http cache cssesc@https://registry.npmjs.org/cssesc/-/cssesc-3.0.0.tgz 0ms (cache hit)
1203 http cache is-extglob@https://registry.npmjs.org/is-extglob/-/is-extglob-2.1.1.tgz 0ms (cache hit)
1204 http cache to-regex-range@https://registry.npmjs.org/to-regex-range/-/to-regex-range-5.0.1.tgz 0ms (cache hit)
1205 http cache binary-extensions@https://registry.npmjs.org/binary-extensions/-/binary-extensions-2.3.0.tgz 0ms (cache hit)
1206 http cache reusify@https://registry.npmjs.org/reusify/-/reusify-1.1.0.tgz 0ms (cache hit)
1207 http cache run-parallel@https://registry.npmjs.org/run-parallel/-/run-parallel-1.2.0.tgz 0ms (cache hit)
1208 http cache @nodelib/fs.scandir@https://registry.npmjs.org/@nodelib/fs.scandir/-/fs.scandir-2.1.5.tgz 0ms (cache hit)
1209 http cache fastq@https://registry.npmjs.org/fastq/-/fastq-1.20.1.tgz 0ms (cache hit)
1210 http cache merge2@https://registry.npmjs.org/merge2/-/merge2-1.4.1.tgz 0ms (cache hit)
1211 http cache @nodelib/fs.walk@https://registry.npmjs.org/@nodelib/fs.walk/-/fs.walk-1.2.8.tgz 0ms (cache hit)
1212 http cache @nodelib/fs.stat@https://registry.npmjs.org/@nodelib/fs.stat/-/fs.stat-2.0.5.tgz 0ms (cache hit)
1213 http cache picomatch@https://registry.npmjs.org/picomatch/-/picomatch-2.3.2.tgz 0ms (cache hit)
1214 http cache is-binary-path@https://registry.npmjs.org/is-binary-path/-/is-binary-path-2.1.0.tgz 0ms (cache hit)
1215 http cache fill-range@https://registry.npmjs.org/fill-range/-/fill-range-7.1.1.tgz 1ms (cache hit)
1216 http cache braces@https://registry.npmjs.org/braces/-/braces-3.0.3.tgz 0ms (cache hit)
1217 http cache anymatch@https://registry.npmjs.org/anymatch/-/anymatch-3.1.3.tgz 0ms (cache hit)
1218 http cache readdirp@https://registry.npmjs.org/readdirp/-/readdirp-3.6.0.tgz 0ms (cache hit)
1219 http cache postcss-nested@https://registry.npmjs.org/postcss-nested/-/postcss-nested-6.2.0.tgz 0ms (cache hit)
1220 http cache postcss-selector-parser@https://registry.npmjs.org/postcss-selector-parser/-/postcss-selector-parser-6.1.2.tgz 0ms (cache hit)
1221 http cache postcss-load-config@https://registry.npmjs.org/postcss-load-config/-/postcss-load-config-6.0.1.tgz 0ms (cache hit)
1222 http cache postcss-import@https://registry.npmjs.org/postcss-import/-/postcss-import-15.1.0.tgz 0ms (cache hit)
1223 http cache sucrase@https://registry.npmjs.org/sucrase/-/sucrase-3.35.1.tgz 0ms (cache hit)
1224 http cache postcss-js@https://registry.npmjs.org/postcss-js/-/postcss-js-4.1.0.tgz 0ms (cache hit)
1225 http cache object-hash@https://registry.npmjs.org/object-hash/-/object-hash-3.0.0.tgz 0ms (cache hit)
1226 http cache resolve@https://registry.npmjs.org/resolve/-/resolve-1.22.12.tgz 0ms (cache hit)
1227 http cache normalize-path@https://registry.npmjs.org/normalize-path/-/normalize-path-3.0.0.tgz 0ms (cache hit)
1228 http cache lilconfig@https://registry.npmjs.org/lilconfig/-/lilconfig-3.1.3.tgz 0ms (cache hit)
1229 http cache jiti@https://registry.npmjs.org/jiti/-/jiti-1.21.7.tgz 0ms (cache hit)
1230 http cache micromatch@https://registry.npmjs.org/micromatch/-/micromatch-4.0.8.tgz 0ms (cache hit)
1231 http cache is-glob@https://registry.npmjs.org/is-glob/-/is-glob-4.0.3.tgz 0ms (cache hit)
1232 http cache glob-parent@https://registry.npmjs.org/glob-parent/-/glob-parent-6.0.2.tgz 0ms (cache hit)
1233 http cache fast-glob@https://registry.npmjs.org/fast-glob/-/fast-glob-3.3.3.tgz 0ms (cache hit)
1234 http cache @alloc/quick-lru@https://registry.npmjs.org/@alloc/quick-lru/-/quick-lru-5.2.0.tgz 0ms (cache hit)
1235 http cache dlv@https://registry.npmjs.org/dlv/-/dlv-1.1.3.tgz 0ms (cache hit)
1236 http cache chokidar@https://registry.npmjs.org/chokidar/-/chokidar-3.6.0.tgz 0ms (cache hit)
1237 http cache didyoumean@https://registry.npmjs.org/didyoumean/-/didyoumean-1.2.2.tgz 0ms (cache hit)
1238 http cache scheduler@https://registry.npmjs.org/scheduler/-/scheduler-0.23.2.tgz 0ms (cache hit)
1239 http cache arg@https://registry.npmjs.org/arg/-/arg-5.0.2.tgz 0ms (cache hit)
1240 http cache source-map-js@https://registry.npmjs.org/source-map-js/-/source-map-js-1.2.1.tgz 0ms (cache hit)
1241 http cache yallist@https://registry.npmjs.org/yallist/-/yallist-3.1.1.tgz 0ms (cache hit)
1242 http cache loose-envify@https://registry.npmjs.org/loose-envify/-/loose-envify-1.4.0.tgz 0ms (cache hit)
1243 http cache mime-db@https://registry.npmjs.org/mime-db/-/mime-db-1.52.0.tgz 0ms (cache hit)
1244 http cache nanoid@https://registry.npmjs.org/nanoid/-/nanoid-3.3.12.tgz 0ms (cache hit)
1245 http cache dunder-proto@https://registry.npmjs.org/dunder-proto/-/dunder-proto-1.0.1.tgz 0ms (cache hit)
1246 http cache math-intrinsics@https://registry.npmjs.org/math-intrinsics/-/math-intrinsics-1.1.0.tgz 0ms (cache hit)
1247 http cache has-symbols@https://registry.npmjs.org/has-symbols/-/has-symbols-1.1.0.tgz 0ms (cache hit)
1248 http cache gopd@https://registry.npmjs.org/gopd/-/gopd-1.2.0.tgz 0ms (cache hit)
1249 http cache es-object-atoms@https://registry.npmjs.org/es-object-atoms/-/es-object-atoms-1.1.1.tgz 0ms (cache hit)
1250 http cache get-proto@https://registry.npmjs.org/get-proto/-/get-proto-1.0.1.tgz 0ms (cache hit)
1251 http cache has-tostringtag@https://registry.npmjs.org/has-tostringtag/-/has-tostringtag-1.0.2.tgz 0ms (cache hit)
1252 http cache function-bind@https://registry.npmjs.org/function-bind/-/function-bind-1.1.2.tgz 0ms (cache hit)
1253 http cache es-define-property@https://registry.npmjs.org/es-define-property/-/es-define-property-1.0.1.tgz 0ms (cache hit)
1254 http cache call-bind-apply-helpers@https://registry.npmjs.org/call-bind-apply-helpers/-/call-bind-apply-helpers-1.0.2.tgz 0ms (cache hit)
1255 http cache es-errors@https://registry.npmjs.org/es-errors/-/es-errors-1.3.0.tgz 0ms (cache hit)
1256 http cache get-intrinsic@https://registry.npmjs.org/get-intrinsic/-/get-intrinsic-1.3.0.tgz 0ms (cache hit)
1257 http cache mime-types@https://registry.npmjs.org/mime-types/-/mime-types-2.1.35.tgz 0ms (cache hit)
1258 http cache delayed-stream@https://registry.npmjs.org/delayed-stream/-/delayed-stream-1.0.0.tgz 0ms (cache hit)
1259 http cache es-set-tostringtag@https://registry.npmjs.org/es-set-tostringtag/-/es-set-tostringtag-2.1.0.tgz 0ms (cache hit)
1260 http cache hasown@https://registry.npmjs.org/hasown/-/hasown-2.0.3.tgz 0ms (cache hit)
1261 http cache combined-stream@https://registry.npmjs.org/combined-stream/-/combined-stream-1.0.8.tgz 0ms (cache hit)
1262 http cache asynckit@https://registry.npmjs.org/asynckit/-/asynckit-0.4.0.tgz 0ms (cache hit)
1263 http cache ms@https://registry.npmjs.org/ms/-/ms-2.1.3.tgz 0ms (cache hit)
1264 http cache node-releases@https://registry.npmjs.org/node-releases/-/node-releases-2.0.38.tgz 0ms (cache hit)
1265 http cache update-browserslist-db@https://registry.npmjs.org/update-browserslist-db/-/update-browserslist-db-1.2.3.tgz 0ms (cache hit)
1266 http cache electron-to-chromium@https://registry.npmjs.org/electron-to-chromium/-/electron-to-chromium-1.5.352.tgz 0ms (cache hit)
1267 http cache baseline-browser-mapping@https://registry.npmjs.org/baseline-browser-mapping/-/baseline-browser-mapping-2.10.27.tgz 0ms (cache hit)
1268 http cache proxy-from-env@https://registry.npmjs.org/proxy-from-env/-/proxy-from-env-2.1.0.tgz 0ms (cache hit)
1269 http cache follow-redirects@https://registry.npmjs.org/follow-redirects/-/follow-redirects-1.16.0.tgz 0ms (cache hit)
1270 http cache form-data@https://registry.npmjs.org/form-data/-/form-data-4.0.5.tgz 0ms (cache hit)
1271 http cache @types/babel__traverse@https://registry.npmjs.org/@types/babel__traverse/-/babel__traverse-7.28.0.tgz 0ms (cache hit)
1272 http cache postcss-value-parser@https://registry.npmjs.org/postcss-value-parser/-/postcss-value-parser-4.2.0.tgz 0ms (cache hit)
1273 http cache fraction.js@https://registry.npmjs.org/fraction.js/-/fraction.js-5.3.4.tgz 0ms (cache hit)
1274 http cache caniuse-lite@https://registry.npmjs.org/caniuse-lite/-/caniuse-lite-1.0.30001792.tgz 0ms (cache hit)
1275 http cache @types/babel__generator@https://registry.npmjs.org/@types/babel__generator/-/babel__generator-7.27.0.tgz 0ms (cache hit)
1276 http cache @types/babel__template@https://registry.npmjs.org/@types/babel__template/-/babel__template-7.4.4.tgz 0ms (cache hit)
1277 http cache @jridgewell/sourcemap-codec@https://registry.npmjs.org/@jridgewell/sourcemap-codec/-/sourcemap-codec-1.5.5.tgz 0ms (cache hit)
1278 http cache @babel/helper-string-parser@https://registry.npmjs.org/@babel/helper-string-parser/-/helper-string-parser-7.27.1.tgz 0ms (cache hit)
1279 http cache @babel/helper-globals@https://registry.npmjs.org/@babel/helper-globals/-/helper-globals-7.28.0.tgz 0ms (cache hit)
1280 http cache lru-cache@https://registry.npmjs.org/lru-cache/-/lru-cache-5.1.1.tgz 0ms (cache hit)
1281 http cache @jridgewell/resolve-uri@https://registry.npmjs.org/@jridgewell/resolve-uri/-/resolve-uri-3.1.2.tgz 0ms (cache hit)
1282 http cache @babel/helper-plugin-utils@https://registry.npmjs.org/@babel/helper-plugin-utils/-/helper-plugin-utils-7.28.6.tgz 0ms (cache hit)
1283 http cache @babel/helper-module-imports@https://registry.npmjs.org/@babel/helper-module-imports/-/helper-module-imports-7.28.6.tgz 0ms (cache hit)
1284 http cache @babel/helper-validator-option@https://registry.npmjs.org/@babel/helper-validator-option/-/helper-validator-option-7.27.1.tgz 0ms (cache hit)
1285 http cache browserslist@https://registry.npmjs.org/browserslist/-/browserslist-4.28.2.tgz 0ms (cache hit)
1286 http cache jsesc@https://registry.npmjs.org/jsesc/-/jsesc-3.1.0.tgz 0ms (cache hit)
1287 http cache @babel/compat-data@https://registry.npmjs.org/@babel/compat-data/-/compat-data-7.29.3.tgz 0ms (cache hit)
1288 http cache js-tokens@https://registry.npmjs.org/js-tokens/-/js-tokens-4.0.0.tgz 0ms (cache hit)
1289 http cache @jridgewell/gen-mapping@https://registry.npmjs.org/@jridgewell/gen-mapping/-/gen-mapping-0.3.13.tgz 0ms (cache hit)
1290 http cache @babel/helper-validator-identifier@https://registry.npmjs.org/@babel/helper-validator-identifier/-/helper-validator-identifier-7.28.5.tgz 0ms (cache hit)
1291 http cache @jridgewell/trace-mapping@https://registry.npmjs.org/@jridgewell/trace-mapping/-/trace-mapping-0.3.31.tgz 0ms (cache hit)
1292 http cache picocolors@https://registry.npmjs.org/picocolors/-/picocolors-1.1.1.tgz 0ms (cache hit)
1293 http cache json5@https://registry.npmjs.org/json5/-/json5-2.2.3.tgz 0ms (cache hit)
1294 http cache semver@https://registry.npmjs.org/semver/-/semver-6.3.1.tgz 0ms (cache hit)
1295 http cache gensync@https://registry.npmjs.org/gensync/-/gensync-1.0.0-beta.2.tgz 0ms (cache hit)
1296 http cache debug@https://registry.npmjs.org/debug/-/debug-4.4.3.tgz 0ms (cache hit)
1297 http cache @babel/traverse@https://registry.npmjs.org/@babel/traverse/-/traverse-7.29.0.tgz 0ms (cache hit)
1298 http cache @jridgewell/remapping@https://registry.npmjs.org/@jridgewell/remapping/-/remapping-2.3.5.tgz 0ms (cache hit)
1299 http cache convert-source-map@https://registry.npmjs.org/convert-source-map/-/convert-source-map-2.0.0.tgz 0ms (cache hit)
1300 http cache @babel/types@https://registry.npmjs.org/@babel/types/-/types-7.29.0.tgz 0ms (cache hit)
1301 http cache @babel/template@https://registry.npmjs.org/@babel/template/-/template-7.28.6.tgz 0ms (cache hit)
1302 http cache @babel/parser@https://registry.npmjs.org/@babel/parser/-/parser-7.29.3.tgz 0ms (cache hit)
1303 http cache @babel/helpers@https://registry.npmjs.org/@babel/helpers/-/helpers-7.29.2.tgz 0ms (cache hit)
1304 http cache react-refresh@https://registry.npmjs.org/react-refresh/-/react-refresh-0.17.0.tgz 0ms (cache hit)
1305 http cache @babel/helper-module-transforms@https://registry.npmjs.org/@babel/helper-module-transforms/-/helper-module-transforms-7.28.6.tgz 0ms (cache hit)
1306 http cache @types/babel__core@https://registry.npmjs.org/@types/babel__core/-/babel__core-7.20.5.tgz 0ms (cache hit)
1307 http cache @babel/generator@https://registry.npmjs.org/@babel/generator/-/generator-7.29.1.tgz 0ms (cache hit)
1308 http cache @babel/helper-compilation-targets@https://registry.npmjs.org/@babel/helper-compilation-targets/-/helper-compilation-targets-7.28.6.tgz 0ms (cache hit)
1309 http cache @rolldown/pluginutils@https://registry.npmjs.org/@rolldown/pluginutils/-/pluginutils-1.0.0-beta.27.tgz 0ms (cache hit)
1310 http cache @babel/code-frame@https://registry.npmjs.org/@babel/code-frame/-/code-frame-7.29.0.tgz 0ms (cache hit)
1311 http cache tailwindcss@https://registry.npmjs.org/tailwindcss/-/tailwindcss-3.4.19.tgz 0ms (cache hit)
1312 http cache react-dom@https://registry.npmjs.org/react-dom/-/react-dom-18.3.1.tgz 0ms (cache hit)
1313 http cache @babel/plugin-transform-react-jsx-source@https://registry.npmjs.org/@babel/plugin-transform-react-jsx-source/-/plugin-transform-react-jsx-source-7.27.1.tgz 0ms (cache hit)
1314 http cache @babel/core@https://registry.npmjs.org/@babel/core/-/core-7.29.0.tgz 0ms (cache hit)
1315 http cache @babel/plugin-transform-react-jsx-self@https://registry.npmjs.org/@babel/plugin-transform-react-jsx-self/-/plugin-transform-react-jsx-self-7.27.1.tgz 0ms (cache hit)
1316 http cache lucide-react@https://registry.npmjs.org/lucide-react/-/lucide-react-0.468.0.tgz 0ms (cache hit)
1317 http cache vite@https://registry.npmjs.org/vite/-/vite-6.4.2.tgz 0ms (cache hit)
1318 http cache react@https://registry.npmjs.org/react/-/react-18.3.1.tgz 0ms (cache hit)
1319 http cache picomatch@https://registry.npmjs.org/picomatch/-/picomatch-4.0.4.tgz 0ms (cache hit)
1320 http cache autoprefixer@https://registry.npmjs.org/autoprefixer/-/autoprefixer-10.5.0.tgz 0ms (cache hit)
1321 http cache axios@https://registry.npmjs.org/axios/-/axios-1.16.0.tgz 0ms (cache hit)
1322 http cache postcss@https://registry.npmjs.org/postcss/-/postcss-8.5.14.tgz 0ms (cache hit)
1323 http cache fdir@https://registry.npmjs.org/fdir/-/fdir-6.5.0.tgz 0ms (cache hit)
1324 http cache @vitejs/plugin-react@https://registry.npmjs.org/@vitejs/plugin-react/-/plugin-react-4.7.0.tgz 0ms (cache hit)
1325 http cache glob-parent@https://registry.npmjs.org/glob-parent/-/glob-parent-5.1.2.tgz 0ms (cache hit)
1326 silly tarball no local data for @esbuild/win32-x64@https://registry.npmjs.org/@esbuild/win32-x64/-/win32-x64-0.25.12.tgz. Extracting by manifest.
1327 http cache glob-parent@https://registry.npmjs.org/glob-parent/-/glob-parent-5.1.2.tgz 0ms (cache hit)
1328 silly tarball no local data for @rollup/rollup-win32-x64-msvc@https://registry.npmjs.org/@rollup/rollup-win32-x64-msvc/-/rollup-win32-x64-msvc-4.60.3.tgz. Extracting by manifest.
1329 silly tarball no local data for @rollup/rollup-win32-x64-gnu@https://registry.npmjs.org/@rollup/rollup-win32-x64-gnu/-/rollup-win32-x64-gnu-4.60.3.tgz. Extracting by manifest.
1330 silly tarball no local data for @types/estree@https://registry.npmjs.org/@types/estree/-/estree-1.0.8.tgz. Extracting by manifest.
1331 silly tarball no local data for is-number@https://registry.npmjs.org/is-number/-/is-number-7.0.0.tgz. Extracting by manifest.
1332 silly tarball no local data for esbuild@https://registry.npmjs.org/esbuild/-/esbuild-0.25.12.tgz. Extracting by manifest.
1333 silly tarball no local data for rollup@https://registry.npmjs.org/rollup/-/rollup-4.60.3.tgz. Extracting by manifest.
1334 silly tarball no local data for thenify@https://registry.npmjs.org/thenify/-/thenify-3.3.1.tgz. Extracting by manifest.
1335 silly tarball no local data for escalade@https://registry.npmjs.org/escalade/-/escalade-3.2.0.tgz. Extracting by manifest.
1336 silly tarball no local data for thenify-all@https://registry.npmjs.org/thenify-all/-/thenify-all-1.6.0.tgz. Extracting by manifest.
1337 silly tarball no local data for object-assign@https://registry.npmjs.org/object-assign/-/object-assign-4.1.1.tgz. Extracting by manifest.
1338 silly tarball no local data for ts-interface-checker@https://registry.npmjs.org/ts-interface-checker/-/ts-interface-checker-0.1.13.tgz. Extracting by manifest.
1339 silly tarball no local data for any-promise@https://registry.npmjs.org/any-promise/-/any-promise-1.3.0.tgz. Extracting by manifest.
1340 silly tarball no local data for pirates@https://registry.npmjs.org/pirates/-/pirates-4.0.7.tgz. Extracting by manifest.
1341 http cache fdir@https://registry.npmjs.org/fdir/-/fdir-6.5.0.tgz 0ms (cache hit)
1342 silly tarball no local data for tinyglobby@https://registry.npmjs.org/tinyglobby/-/tinyglobby-0.2.16.tgz. Extracting by manifest.
1343 silly tarball no local data for mz@https://registry.npmjs.org/mz/-/mz-2.7.0.tgz. Extracting by manifest.
1344 http cache picomatch@https://registry.npmjs.org/picomatch/-/picomatch-4.0.4.tgz 0ms (cache hit)
1345 silly tarball no local data for lines-and-columns@https://registry.npmjs.org/lines-and-columns/-/lines-and-columns-1.2.4.tgz. Extracting by manifest.
1346 silly tarball no local data for commander@https://registry.npmjs.org/commander/-/commander-4.1.1.tgz. Extracting by manifest.
1347 silly tarball no local data for path-parse@https://registry.npmjs.org/path-parse/-/path-parse-1.0.7.tgz. Extracting by manifest.
1348 silly tarball no local data for is-core-module@https://registry.npmjs.org/is-core-module/-/is-core-module-2.16.2.tgz. Extracting by manifest.
1349 silly tarball no local data for supports-preserve-symlinks-flag@https://registry.npmjs.org/supports-preserve-symlinks-flag/-/supports-preserve-symlinks-flag-1.0.0.tgz. Extracting by manifest.
1350 silly tarball no local data for util-deprecate@https://registry.npmjs.org/util-deprecate/-/util-deprecate-1.0.2.tgz. Extracting by manifest.
1351 silly tarball no local data for queue-microtask@https://registry.npmjs.org/queue-microtask/-/queue-microtask-1.2.3.tgz. Extracting by manifest.
1352 silly tarball no local data for pify@https://registry.npmjs.org/pify/-/pify-2.3.0.tgz. Extracting by manifest.
1353 silly tarball no local data for camelcase-css@https://registry.npmjs.org/camelcase-css/-/camelcase-css-2.0.1.tgz. Extracting by manifest.
1354 silly tarball no local data for read-cache@https://registry.npmjs.org/read-cache/-/read-cache-1.0.0.tgz. Extracting by manifest.
1355 silly tarball no local data for cssesc@https://registry.npmjs.org/cssesc/-/cssesc-3.0.0.tgz. Extracting by manifest.
1356 silly tarball no local data for is-extglob@https://registry.npmjs.org/is-extglob/-/is-extglob-2.1.1.tgz. Extracting by manifest.
1357 silly tarball no local data for to-regex-range@https://registry.npmjs.org/to-regex-range/-/to-regex-range-5.0.1.tgz. Extracting by manifest.
1358 silly tarball no local data for binary-extensions@https://registry.npmjs.org/binary-extensions/-/binary-extensions-2.3.0.tgz. Extracting by manifest.
1359 silly tarball no local data for reusify@https://registry.npmjs.org/reusify/-/reusify-1.1.0.tgz. Extracting by manifest.
1360 silly tarball no local data for run-parallel@https://registry.npmjs.org/run-parallel/-/run-parallel-1.2.0.tgz. Extracting by manifest.
1361 silly tarball no local data for @nodelib/fs.scandir@https://registry.npmjs.org/@nodelib/fs.scandir/-/fs.scandir-2.1.5.tgz. Extracting by manifest.
1362 silly tarball no local data for fastq@https://registry.npmjs.org/fastq/-/fastq-1.20.1.tgz. Extracting by manifest.
1363 silly tarball no local data for merge2@https://registry.npmjs.org/merge2/-/merge2-1.4.1.tgz. Extracting by manifest.
1364 silly tarball no local data for @nodelib/fs.walk@https://registry.npmjs.org/@nodelib/fs.walk/-/fs.walk-1.2.8.tgz. Extracting by manifest.
1365 silly tarball no local data for @nodelib/fs.stat@https://registry.npmjs.org/@nodelib/fs.stat/-/fs.stat-2.0.5.tgz. Extracting by manifest.
1366 silly tarball no local data for picomatch@https://registry.npmjs.org/picomatch/-/picomatch-2.3.2.tgz. Extracting by manifest.
1367 silly tarball no local data for is-binary-path@https://registry.npmjs.org/is-binary-path/-/is-binary-path-2.1.0.tgz. Extracting by manifest.
1368 silly tarball no local data for fill-range@https://registry.npmjs.org/fill-range/-/fill-range-7.1.1.tgz. Extracting by manifest.
1369 silly tarball no local data for braces@https://registry.npmjs.org/braces/-/braces-3.0.3.tgz. Extracting by manifest.
1370 silly tarball no local data for anymatch@https://registry.npmjs.org/anymatch/-/anymatch-3.1.3.tgz. Extracting by manifest.
1371 silly tarball no local data for readdirp@https://registry.npmjs.org/readdirp/-/readdirp-3.6.0.tgz. Extracting by manifest.
1372 silly tarball no local data for postcss-nested@https://registry.npmjs.org/postcss-nested/-/postcss-nested-6.2.0.tgz. Extracting by manifest.
1373 silly tarball no local data for postcss-selector-parser@https://registry.npmjs.org/postcss-selector-parser/-/postcss-selector-parser-6.1.2.tgz. Extracting by manifest.
1374 silly tarball no local data for postcss-load-config@https://registry.npmjs.org/postcss-load-config/-/postcss-load-config-6.0.1.tgz. Extracting by manifest.
1375 silly tarball no local data for postcss-import@https://registry.npmjs.org/postcss-import/-/postcss-import-15.1.0.tgz. Extracting by manifest.
1376 silly tarball no local data for sucrase@https://registry.npmjs.org/sucrase/-/sucrase-3.35.1.tgz. Extracting by manifest.
1377 silly tarball no local data for postcss-js@https://registry.npmjs.org/postcss-js/-/postcss-js-4.1.0.tgz. Extracting by manifest.
1378 silly tarball no local data for object-hash@https://registry.npmjs.org/object-hash/-/object-hash-3.0.0.tgz. Extracting by manifest.
1379 silly tarball no local data for resolve@https://registry.npmjs.org/resolve/-/resolve-1.22.12.tgz. Extracting by manifest.
1380 silly tarball no local data for normalize-path@https://registry.npmjs.org/normalize-path/-/normalize-path-3.0.0.tgz. Extracting by manifest.
1381 silly tarball no local data for lilconfig@https://registry.npmjs.org/lilconfig/-/lilconfig-3.1.3.tgz. Extracting by manifest.
1382 silly tarball no local data for jiti@https://registry.npmjs.org/jiti/-/jiti-1.21.7.tgz. Extracting by manifest.
1383 silly tarball no local data for micromatch@https://registry.npmjs.org/micromatch/-/micromatch-4.0.8.tgz. Extracting by manifest.
1384 silly tarball no local data for is-glob@https://registry.npmjs.org/is-glob/-/is-glob-4.0.3.tgz. Extracting by manifest.
1385 silly tarball no local data for glob-parent@https://registry.npmjs.org/glob-parent/-/glob-parent-6.0.2.tgz. Extracting by manifest.
1386 silly tarball no local data for fast-glob@https://registry.npmjs.org/fast-glob/-/fast-glob-3.3.3.tgz. Extracting by manifest.
1387 silly tarball no local data for @alloc/quick-lru@https://registry.npmjs.org/@alloc/quick-lru/-/quick-lru-5.2.0.tgz. Extracting by manifest.
1388 silly tarball no local data for dlv@https://registry.npmjs.org/dlv/-/dlv-1.1.3.tgz. Extracting by manifest.
1389 silly tarball no local data for chokidar@https://registry.npmjs.org/chokidar/-/chokidar-3.6.0.tgz. Extracting by manifest.
1390 silly tarball no local data for didyoumean@https://registry.npmjs.org/didyoumean/-/didyoumean-1.2.2.tgz. Extracting by manifest.
1391 silly tarball no local data for scheduler@https://registry.npmjs.org/scheduler/-/scheduler-0.23.2.tgz. Extracting by manifest.
1392 silly tarball no local data for arg@https://registry.npmjs.org/arg/-/arg-5.0.2.tgz. Extracting by manifest.
1393 silly tarball no local data for source-map-js@https://registry.npmjs.org/source-map-js/-/source-map-js-1.2.1.tgz. Extracting by manifest.
1394 silly tarball no local data for yallist@https://registry.npmjs.org/yallist/-/yallist-3.1.1.tgz. Extracting by manifest.
1395 silly tarball no local data for loose-envify@https://registry.npmjs.org/loose-envify/-/loose-envify-1.4.0.tgz. Extracting by manifest.
1396 silly tarball no local data for mime-db@https://registry.npmjs.org/mime-db/-/mime-db-1.52.0.tgz. Extracting by manifest.
1397 silly tarball no local data for nanoid@https://registry.npmjs.org/nanoid/-/nanoid-3.3.12.tgz. Extracting by manifest.
1398 silly tarball no local data for dunder-proto@https://registry.npmjs.org/dunder-proto/-/dunder-proto-1.0.1.tgz. Extracting by manifest.
1399 silly tarball no local data for math-intrinsics@https://registry.npmjs.org/math-intrinsics/-/math-intrinsics-1.1.0.tgz. Extracting by manifest.
1400 silly tarball no local data for has-symbols@https://registry.npmjs.org/has-symbols/-/has-symbols-1.1.0.tgz. Extracting by manifest.
1401 silly tarball no local data for gopd@https://registry.npmjs.org/gopd/-/gopd-1.2.0.tgz. Extracting by manifest.
1402 silly tarball no local data for es-object-atoms@https://registry.npmjs.org/es-object-atoms/-/es-object-atoms-1.1.1.tgz. Extracting by manifest.
1403 silly tarball no local data for get-proto@https://registry.npmjs.org/get-proto/-/get-proto-1.0.1.tgz. Extracting by manifest.
1404 silly tarball no local data for has-tostringtag@https://registry.npmjs.org/has-tostringtag/-/has-tostringtag-1.0.2.tgz. Extracting by manifest.
1405 silly tarball no local data for function-bind@https://registry.npmjs.org/function-bind/-/function-bind-1.1.2.tgz. Extracting by manifest.
1406 silly tarball no local data for es-define-property@https://registry.npmjs.org/es-define-property/-/es-define-property-1.0.1.tgz. Extracting by manifest.
1407 silly tarball no local data for call-bind-apply-helpers@https://registry.npmjs.org/call-bind-apply-helpers/-/call-bind-apply-helpers-1.0.2.tgz. Extracting by manifest.
1408 silly tarball no local data for es-errors@https://registry.npmjs.org/es-errors/-/es-errors-1.3.0.tgz. Extracting by manifest.
1409 silly tarball no local data for get-intrinsic@https://registry.npmjs.org/get-intrinsic/-/get-intrinsic-1.3.0.tgz. Extracting by manifest.
1410 silly tarball no local data for mime-types@https://registry.npmjs.org/mime-types/-/mime-types-2.1.35.tgz. Extracting by manifest.
1411 silly tarball no local data for delayed-stream@https://registry.npmjs.org/delayed-stream/-/delayed-stream-1.0.0.tgz. Extracting by manifest.
1412 silly tarball no local data for es-set-tostringtag@https://registry.npmjs.org/es-set-tostringtag/-/es-set-tostringtag-2.1.0.tgz. Extracting by manifest.
1413 silly tarball no local data for hasown@https://registry.npmjs.org/hasown/-/hasown-2.0.3.tgz. Extracting by manifest.
1414 silly tarball no local data for combined-stream@https://registry.npmjs.org/combined-stream/-/combined-stream-1.0.8.tgz. Extracting by manifest.
1415 silly tarball no local data for asynckit@https://registry.npmjs.org/asynckit/-/asynckit-0.4.0.tgz. Extracting by manifest.
1416 silly tarball no local data for ms@https://registry.npmjs.org/ms/-/ms-2.1.3.tgz. Extracting by manifest.
1417 silly tarball no local data for node-releases@https://registry.npmjs.org/node-releases/-/node-releases-2.0.38.tgz. Extracting by manifest.
1418 silly tarball no local data for update-browserslist-db@https://registry.npmjs.org/update-browserslist-db/-/update-browserslist-db-1.2.3.tgz. Extracting by manifest.
1419 silly tarball no local data for electron-to-chromium@https://registry.npmjs.org/electron-to-chromium/-/electron-to-chromium-1.5.352.tgz. Extracting by manifest.
1420 silly tarball no local data for baseline-browser-mapping@https://registry.npmjs.org/baseline-browser-mapping/-/baseline-browser-mapping-2.10.27.tgz. Extracting by manifest.
1421 silly tarball no local data for proxy-from-env@https://registry.npmjs.org/proxy-from-env/-/proxy-from-env-2.1.0.tgz. Extracting by manifest.
1422 silly tarball no local data for follow-redirects@https://registry.npmjs.org/follow-redirects/-/follow-redirects-1.16.0.tgz. Extracting by manifest.
1423 silly tarball no local data for form-data@https://registry.npmjs.org/form-data/-/form-data-4.0.5.tgz. Extracting by manifest.
1424 silly tarball no local data for @types/babel__traverse@https://registry.npmjs.org/@types/babel__traverse/-/babel__traverse-7.28.0.tgz. Extracting by manifest.
1425 silly tarball no local data for postcss-value-parser@https://registry.npmjs.org/postcss-value-parser/-/postcss-value-parser-4.2.0.tgz. Extracting by manifest.
1426 silly tarball no local data for fraction.js@https://registry.npmjs.org/fraction.js/-/fraction.js-5.3.4.tgz. Extracting by manifest.
1427 silly tarball no local data for caniuse-lite@https://registry.npmjs.org/caniuse-lite/-/caniuse-lite-1.0.30001792.tgz. Extracting by manifest.
1428 silly tarball no local data for @types/babel__generator@https://registry.npmjs.org/@types/babel__generator/-/babel__generator-7.27.0.tgz. Extracting by manifest.
1429 silly tarball no local data for @types/babel__template@https://registry.npmjs.org/@types/babel__template/-/babel__template-7.4.4.tgz. Extracting by manifest.
1430 silly tarball no local data for @jridgewell/sourcemap-codec@https://registry.npmjs.org/@jridgewell/sourcemap-codec/-/sourcemap-codec-1.5.5.tgz. Extracting by manifest.
1431 silly tarball no local data for @babel/helper-string-parser@https://registry.npmjs.org/@babel/helper-string-parser/-/helper-string-parser-7.27.1.tgz. Extracting by manifest.
1432 silly tarball no local data for @babel/helper-globals@https://registry.npmjs.org/@babel/helper-globals/-/helper-globals-7.28.0.tgz. Extracting by manifest.
1433 silly tarball no local data for lru-cache@https://registry.npmjs.org/lru-cache/-/lru-cache-5.1.1.tgz. Extracting by manifest.
1434 silly tarball no local data for @jridgewell/resolve-uri@https://registry.npmjs.org/@jridgewell/resolve-uri/-/resolve-uri-3.1.2.tgz. Extracting by manifest.
1435 silly tarball no local data for @babel/helper-plugin-utils@https://registry.npmjs.org/@babel/helper-plugin-utils/-/helper-plugin-utils-7.28.6.tgz. Extracting by manifest.
1436 silly tarball no local data for @babel/helper-module-imports@https://registry.npmjs.org/@babel/helper-module-imports/-/helper-module-imports-7.28.6.tgz. Extracting by manifest.
1437 silly tarball no local data for @babel/helper-validator-option@https://registry.npmjs.org/@babel/helper-validator-option/-/helper-validator-option-7.27.1.tgz. Extracting by manifest.
1438 silly tarball no local data for browserslist@https://registry.npmjs.org/browserslist/-/browserslist-4.28.2.tgz. Extracting by manifest.
1439 silly tarball no local data for jsesc@https://registry.npmjs.org/jsesc/-/jsesc-3.1.0.tgz. Extracting by manifest.
1440 silly tarball no local data for @babel/compat-data@https://registry.npmjs.org/@babel/compat-data/-/compat-data-7.29.3.tgz. Extracting by manifest.
1441 silly tarball no local data for js-tokens@https://registry.npmjs.org/js-tokens/-/js-tokens-4.0.0.tgz. Extracting by manifest.
1442 silly tarball no local data for @jridgewell/gen-mapping@https://registry.npmjs.org/@jridgewell/gen-mapping/-/gen-mapping-0.3.13.tgz. Extracting by manifest.
1443 silly tarball no local data for @babel/helper-validator-identifier@https://registry.npmjs.org/@babel/helper-validator-identifier/-/helper-validator-identifier-7.28.5.tgz. Extracting by manifest.
1444 silly tarball no local data for @jridgewell/trace-mapping@https://registry.npmjs.org/@jridgewell/trace-mapping/-/trace-mapping-0.3.31.tgz. Extracting by manifest.
1445 silly tarball no local data for picocolors@https://registry.npmjs.org/picocolors/-/picocolors-1.1.1.tgz. Extracting by manifest.
1446 silly tarball no local data for json5@https://registry.npmjs.org/json5/-/json5-2.2.3.tgz. Extracting by manifest.
1447 silly tarball no local data for semver@https://registry.npmjs.org/semver/-/semver-6.3.1.tgz. Extracting by manifest.
1448 silly tarball no local data for gensync@https://registry.npmjs.org/gensync/-/gensync-1.0.0-beta.2.tgz. Extracting by manifest.
1449 silly tarball no local data for debug@https://registry.npmjs.org/debug/-/debug-4.4.3.tgz. Extracting by manifest.
1450 silly tarball no local data for @babel/traverse@https://registry.npmjs.org/@babel/traverse/-/traverse-7.29.0.tgz. Extracting by manifest.
1451 silly tarball no local data for @jridgewell/remapping@https://registry.npmjs.org/@jridgewell/remapping/-/remapping-2.3.5.tgz. Extracting by manifest.
1452 silly tarball no local data for convert-source-map@https://registry.npmjs.org/convert-source-map/-/convert-source-map-2.0.0.tgz. Extracting by manifest.
1453 silly tarball no local data for @babel/types@https://registry.npmjs.org/@babel/types/-/types-7.29.0.tgz. Extracting by manifest.
1454 silly tarball no local data for @babel/template@https://registry.npmjs.org/@babel/template/-/template-7.28.6.tgz. Extracting by manifest.
1455 silly tarball no local data for @babel/parser@https://registry.npmjs.org/@babel/parser/-/parser-7.29.3.tgz. Extracting by manifest.
1456 silly tarball no local data for @babel/helpers@https://registry.npmjs.org/@babel/helpers/-/helpers-7.29.2.tgz. Extracting by manifest.
1457 silly tarball no local data for react-refresh@https://registry.npmjs.org/react-refresh/-/react-refresh-0.17.0.tgz. Extracting by manifest.
1458 silly tarball no local data for @babel/helper-module-transforms@https://registry.npmjs.org/@babel/helper-module-transforms/-/helper-module-transforms-7.28.6.tgz. Extracting by manifest.
1459 silly tarball no local data for @types/babel__core@https://registry.npmjs.org/@types/babel__core/-/babel__core-7.20.5.tgz. Extracting by manifest.
1460 silly tarball no local data for @babel/generator@https://registry.npmjs.org/@babel/generator/-/generator-7.29.1.tgz. Extracting by manifest.
1461 silly tarball no local data for @babel/helper-compilation-targets@https://registry.npmjs.org/@babel/helper-compilation-targets/-/helper-compilation-targets-7.28.6.tgz. Extracting by manifest.
1462 silly tarball no local data for @rolldown/pluginutils@https://registry.npmjs.org/@rolldown/pluginutils/-/pluginutils-1.0.0-beta.27.tgz. Extracting by manifest.
1463 silly tarball no local data for @babel/code-frame@https://registry.npmjs.org/@babel/code-frame/-/code-frame-7.29.0.tgz. Extracting by manifest.
1464 silly tarball no local data for tailwindcss@https://registry.npmjs.org/tailwindcss/-/tailwindcss-3.4.19.tgz. Extracting by manifest.
1465 silly tarball no local data for react-dom@https://registry.npmjs.org/react-dom/-/react-dom-18.3.1.tgz. Extracting by manifest.
1466 silly tarball no local data for @babel/plugin-transform-react-jsx-source@https://registry.npmjs.org/@babel/plugin-transform-react-jsx-source/-/plugin-transform-react-jsx-source-7.27.1.tgz. Extracting by manifest.
1467 silly tarball no local data for @babel/core@https://registry.npmjs.org/@babel/core/-/core-7.29.0.tgz. Extracting by manifest.
1468 silly tarball no local data for @babel/plugin-transform-react-jsx-self@https://registry.npmjs.org/@babel/plugin-transform-react-jsx-self/-/plugin-transform-react-jsx-self-7.27.1.tgz. Extracting by manifest.
1469 silly tarball no local data for lucide-react@https://registry.npmjs.org/lucide-react/-/lucide-react-0.468.0.tgz. Extracting by manifest.
1470 silly tarball no local data for vite@https://registry.npmjs.org/vite/-/vite-6.4.2.tgz. Extracting by manifest.
1471 silly tarball no local data for react@https://registry.npmjs.org/react/-/react-18.3.1.tgz. Extracting by manifest.
1472 silly tarball no local data for picomatch@https://registry.npmjs.org/picomatch/-/picomatch-4.0.4.tgz. Extracting by manifest.
1473 silly tarball no local data for autoprefixer@https://registry.npmjs.org/autoprefixer/-/autoprefixer-10.5.0.tgz. Extracting by manifest.
1474 silly tarball no local data for axios@https://registry.npmjs.org/axios/-/axios-1.16.0.tgz. Extracting by manifest.
1475 silly tarball no local data for postcss@https://registry.npmjs.org/postcss/-/postcss-8.5.14.tgz. Extracting by manifest.
1476 silly tarball no local data for fdir@https://registry.npmjs.org/fdir/-/fdir-6.5.0.tgz. Extracting by manifest.
1477 silly tarball no local data for @vitejs/plugin-react@https://registry.npmjs.org/@vitejs/plugin-react/-/plugin-react-4.7.0.tgz. Extracting by manifest.
1478 silly tarball no local data for glob-parent@https://registry.npmjs.org/glob-parent/-/glob-parent-5.1.2.tgz. Extracting by manifest.
1479 silly tarball no local data for glob-parent@https://registry.npmjs.org/glob-parent/-/glob-parent-5.1.2.tgz. Extracting by manifest.
1480 silly tarball no local data for fdir@https://registry.npmjs.org/fdir/-/fdir-6.5.0.tgz. Extracting by manifest.
1481 silly tarball no local data for picomatch@https://registry.npmjs.org/picomatch/-/picomatch-4.0.4.tgz. Extracting by manifest.
1482 http fetch GET 200 https://registry.npmjs.org/escalade/-/escalade-3.2.0.tgz 208ms (cache miss)
1483 http fetch GET 200 https://registry.npmjs.org/@types/estree/-/estree-1.0.8.tgz 212ms (cache miss)
1484 http fetch GET 200 https://registry.npmjs.org/thenify/-/thenify-3.3.1.tgz 214ms (cache miss)
1485 http fetch GET 200 https://registry.npmjs.org/thenify-all/-/thenify-all-1.6.0.tgz 214ms (cache miss)
1486 http fetch GET 200 https://registry.npmjs.org/is-number/-/is-number-7.0.0.tgz 219ms (cache miss)
1487 http fetch POST 200 https://registry.npmjs.org/-/npm/v1/security/advisories/bulk 356ms
1488 silly audit report {}
1489 http fetch GET 200 https://registry.npmjs.org/esbuild/-/esbuild-0.25.12.tgz 297ms (cache miss)
1490 http fetch GET 200 https://registry.npmjs.org/tinyglobby/-/tinyglobby-0.2.16.tgz 326ms (cache miss)
1491 http fetch GET 200 https://registry.npmjs.org/lines-and-columns/-/lines-and-columns-1.2.4.tgz 342ms (cache miss)
1492 http fetch GET 200 https://registry.npmjs.org/path-parse/-/path-parse-1.0.7.tgz 348ms (cache miss)
1493 http fetch GET 200 https://registry.npmjs.org/mz/-/mz-2.7.0.tgz 353ms (cache miss)
1494 http fetch GET 200 https://registry.npmjs.org/commander/-/commander-4.1.1.tgz 357ms (cache miss)
1495 http fetch GET 200 https://registry.npmjs.org/util-deprecate/-/util-deprecate-1.0.2.tgz 441ms (cache miss)
1496 http fetch GET 200 https://registry.npmjs.org/supports-preserve-symlinks-flag/-/supports-preserve-symlinks-flag-1.0.0.tgz 442ms (cache miss)
1497 http fetch GET 200 https://registry.npmjs.org/is-core-module/-/is-core-module-2.16.2.tgz 461ms (cache miss)
1498 http fetch GET 200 https://registry.npmjs.org/queue-microtask/-/queue-microtask-1.2.3.tgz 474ms (cache miss)
1499 http fetch GET 200 https://registry.npmjs.org/pify/-/pify-2.3.0.tgz 485ms (cache miss)
1500 http fetch GET 200 https://registry.npmjs.org/camelcase-css/-/camelcase-css-2.0.1.tgz 489ms (cache miss)
1501 http fetch GET 200 https://registry.npmjs.org/read-cache/-/read-cache-1.0.0.tgz 490ms (cache miss)
1502 http fetch GET 200 https://registry.npmjs.org/object-assign/-/object-assign-4.1.1.tgz 567ms (cache miss)
1503 http fetch GET 200 https://registry.npmjs.org/is-extglob/-/is-extglob-2.1.1.tgz 559ms (cache miss)
1504 http fetch GET 200 https://registry.npmjs.org/cssesc/-/cssesc-3.0.0.tgz 573ms (cache miss)
1505 http fetch GET 200 https://registry.npmjs.org/to-regex-range/-/to-regex-range-5.0.1.tgz 579ms (cache miss)
1506 http fetch GET 200 https://registry.npmjs.org/ts-interface-checker/-/ts-interface-checker-0.1.13.tgz 601ms (cache miss)
1507 http fetch GET 200 https://registry.npmjs.org/binary-extensions/-/binary-extensions-2.3.0.tgz 607ms (cache miss)
1508 http fetch GET 200 https://registry.npmjs.org/pirates/-/pirates-4.0.7.tgz 618ms (cache miss)
1509 http fetch GET 200 https://registry.npmjs.org/reusify/-/reusify-1.1.0.tgz 620ms (cache miss)
1510 http fetch GET 200 https://registry.npmjs.org/run-parallel/-/run-parallel-1.2.0.tgz 626ms (cache miss)
1511 http fetch GET 200 https://registry.npmjs.org/@nodelib/fs.scandir/-/fs.scandir-2.1.5.tgz 654ms (cache miss)
1512 http fetch GET 200 https://registry.npmjs.org/any-promise/-/any-promise-1.3.0.tgz 670ms (cache miss)
1513 http fetch GET 200 https://registry.npmjs.org/merge2/-/merge2-1.4.1.tgz 672ms (cache miss)
1514 http fetch GET 200 https://registry.npmjs.org/fastq/-/fastq-1.20.1.tgz 700ms (cache miss)
1515 http fetch GET 200 https://registry.npmjs.org/@nodelib/fs.stat/-/fs.stat-2.0.5.tgz 700ms (cache miss)
1516 http fetch GET 200 https://registry.npmjs.org/is-binary-path/-/is-binary-path-2.1.0.tgz 700ms (cache miss)
1517 http fetch GET 200 https://registry.npmjs.org/fill-range/-/fill-range-7.1.1.tgz 733ms (cache miss)
1518 http fetch GET 200 https://registry.npmjs.org/anymatch/-/anymatch-3.1.3.tgz 745ms (cache miss)
1519 http fetch GET 200 https://registry.npmjs.org/picomatch/-/picomatch-2.3.2.tgz 752ms (cache miss)
1520 http fetch GET 200 https://registry.npmjs.org/readdirp/-/readdirp-3.6.0.tgz 752ms (cache miss)
1521 http fetch GET 200 https://registry.npmjs.org/braces/-/braces-3.0.3.tgz 756ms (cache miss)
1522 http fetch GET 200 https://registry.npmjs.org/postcss-nested/-/postcss-nested-6.2.0.tgz 777ms (cache miss)
1523 http fetch GET 200 https://registry.npmjs.org/@nodelib/fs.walk/-/fs.walk-1.2.8.tgz 793ms (cache miss)
1524 http fetch GET 200 https://registry.npmjs.org/postcss-load-config/-/postcss-load-config-6.0.1.tgz 801ms (cache miss)
1525 http fetch GET 200 https://registry.npmjs.org/postcss-import/-/postcss-import-15.1.0.tgz 847ms (cache miss)
1526 http fetch GET 200 https://registry.npmjs.org/postcss-selector-parser/-/postcss-selector-parser-6.1.2.tgz 879ms (cache miss)
1527 http fetch GET 200 https://registry.npmjs.org/postcss-js/-/postcss-js-4.1.0.tgz 882ms (cache miss)
1528 http fetch GET 200 https://registry.npmjs.org/normalize-path/-/normalize-path-3.0.0.tgz 905ms (cache miss)
1529 http fetch GET 200 https://registry.npmjs.org/lilconfig/-/lilconfig-3.1.3.tgz 944ms (cache miss)
1530 http fetch GET 200 https://registry.npmjs.org/object-hash/-/object-hash-3.0.0.tgz 954ms (cache miss)
1531 http fetch GET 200 https://registry.npmjs.org/micromatch/-/micromatch-4.0.8.tgz 1019ms (cache miss)
1532 http fetch GET 200 https://registry.npmjs.org/is-glob/-/is-glob-4.0.3.tgz 1019ms (cache miss)
1533 http fetch GET 200 https://registry.npmjs.org/glob-parent/-/glob-parent-6.0.2.tgz 1035ms (cache miss)
1534 http fetch GET 200 https://registry.npmjs.org/@alloc/quick-lru/-/quick-lru-5.2.0.tgz 1117ms (cache miss)
1535 http fetch GET 200 https://registry.npmjs.org/dlv/-/dlv-1.1.3.tgz 1121ms (cache miss)
1536 http fetch GET 200 https://registry.npmjs.org/didyoumean/-/didyoumean-1.2.2.tgz 1141ms (cache miss)
1537 http fetch GET 200 https://registry.npmjs.org/chokidar/-/chokidar-3.6.0.tgz 1148ms (cache miss)
1538 http fetch GET 200 https://registry.npmjs.org/jiti/-/jiti-1.21.7.tgz 1172ms (cache miss)
1539 http fetch GET 200 https://registry.npmjs.org/scheduler/-/scheduler-0.23.2.tgz 1190ms (cache miss)
1540 http fetch GET 200 https://registry.npmjs.org/resolve/-/resolve-1.22.12.tgz 1201ms (cache miss)
1541 http fetch GET 200 https://registry.npmjs.org/arg/-/arg-5.0.2.tgz 1209ms (cache miss)
1542 http fetch GET 200 https://registry.npmjs.org/yallist/-/yallist-3.1.1.tgz 1219ms (cache miss)
1543 http fetch GET 200 https://registry.npmjs.org/loose-envify/-/loose-envify-1.4.0.tgz 1225ms (cache miss)
1544 http fetch GET 200 https://registry.npmjs.org/fast-glob/-/fast-glob-3.3.3.tgz 1246ms (cache miss)
1545 http fetch GET 200 https://registry.npmjs.org/source-map-js/-/source-map-js-1.2.1.tgz 1250ms (cache miss)
1546 http fetch GET 200 https://registry.npmjs.org/math-intrinsics/-/math-intrinsics-1.1.0.tgz 1273ms (cache miss)
1547 http fetch GET 200 https://registry.npmjs.org/has-symbols/-/has-symbols-1.1.0.tgz 1277ms (cache miss)
1548 http fetch GET 200 https://registry.npmjs.org/mime-db/-/mime-db-1.52.0.tgz 1282ms (cache miss)
1549 http fetch GET 200 https://registry.npmjs.org/gopd/-/gopd-1.2.0.tgz 1286ms (cache miss)
1550 http fetch GET 200 https://registry.npmjs.org/es-object-atoms/-/es-object-atoms-1.1.1.tgz 1300ms (cache miss)
1551 http fetch GET 200 https://registry.npmjs.org/dunder-proto/-/dunder-proto-1.0.1.tgz 1310ms (cache miss)
1552 http fetch GET 200 https://registry.npmjs.org/nanoid/-/nanoid-3.3.12.tgz 1332ms (cache miss)
1553 http fetch GET 200 https://registry.npmjs.org/get-proto/-/get-proto-1.0.1.tgz 1365ms (cache miss)
1554 http fetch GET 200 https://registry.npmjs.org/es-define-property/-/es-define-property-1.0.1.tgz 1370ms (cache miss)
1555 http fetch GET 200 https://registry.npmjs.org/function-bind/-/function-bind-1.1.2.tgz 1390ms (cache miss)
1556 http fetch GET 200 https://registry.npmjs.org/call-bind-apply-helpers/-/call-bind-apply-helpers-1.0.2.tgz 1394ms (cache miss)
1557 http fetch GET 200 https://registry.npmjs.org/has-tostringtag/-/has-tostringtag-1.0.2.tgz 1404ms (cache miss)
1558 http fetch GET 200 https://registry.npmjs.org/get-intrinsic/-/get-intrinsic-1.3.0.tgz 1409ms (cache miss)
1559 http fetch GET 200 https://registry.npmjs.org/delayed-stream/-/delayed-stream-1.0.0.tgz 1410ms (cache miss)
1560 http fetch GET 200 https://registry.npmjs.org/mime-types/-/mime-types-2.1.35.tgz 1412ms (cache miss)
1561 http fetch GET 200 https://registry.npmjs.org/es-set-tostringtag/-/es-set-tostringtag-2.1.0.tgz 1415ms (cache miss)
1562 http fetch GET 200 https://registry.npmjs.org/hasown/-/hasown-2.0.3.tgz 1427ms (cache miss)
1563 http fetch GET 200 https://registry.npmjs.org/es-errors/-/es-errors-1.3.0.tgz 1440ms (cache miss)
1564 http fetch GET 200 https://registry.npmjs.org/ms/-/ms-2.1.3.tgz 1476ms (cache miss)
1565 http fetch GET 200 https://registry.npmjs.org/combined-stream/-/combined-stream-1.0.8.tgz 1484ms (cache miss)
1566 http fetch GET 200 https://registry.npmjs.org/node-releases/-/node-releases-2.0.38.tgz 1489ms (cache miss)
1567 http fetch GET 200 https://registry.npmjs.org/sucrase/-/sucrase-3.35.1.tgz 1517ms (cache miss)
1568 http fetch GET 200 https://registry.npmjs.org/update-browserslist-db/-/update-browserslist-db-1.2.3.tgz 1506ms (cache miss)
1569 http fetch GET 200 https://registry.npmjs.org/asynckit/-/asynckit-0.4.0.tgz 1517ms (cache miss)
1570 http fetch GET 200 https://registry.npmjs.org/baseline-browser-mapping/-/baseline-browser-mapping-2.10.27.tgz 1533ms (cache miss)
1571 http fetch GET 200 https://registry.npmjs.org/follow-redirects/-/follow-redirects-1.16.0.tgz 1549ms (cache miss)
1572 http fetch GET 200 https://registry.npmjs.org/proxy-from-env/-/proxy-from-env-2.1.0.tgz 1552ms (cache miss)
1573 http fetch GET 200 https://registry.npmjs.org/electron-to-chromium/-/electron-to-chromium-1.5.352.tgz 1558ms (cache miss)
1574 http fetch GET 200 https://registry.npmjs.org/form-data/-/form-data-4.0.5.tgz 1564ms (cache miss)
1575 http fetch GET 200 https://registry.npmjs.org/@types/babel__traverse/-/babel__traverse-7.28.0.tgz 1603ms (cache miss)
1576 http fetch GET 200 https://registry.npmjs.org/postcss-value-parser/-/postcss-value-parser-4.2.0.tgz 1615ms (cache miss)
1577 http fetch GET 200 https://registry.npmjs.org/@types/babel__generator/-/babel__generator-7.27.0.tgz 1637ms (cache miss)
1578 http fetch GET 200 https://registry.npmjs.org/@types/babel__template/-/babel__template-7.4.4.tgz 1638ms (cache miss)
1579 http fetch GET 200 https://registry.npmjs.org/fraction.js/-/fraction.js-5.3.4.tgz 1651ms (cache miss)
1580 http fetch GET 200 https://registry.npmjs.org/lru-cache/-/lru-cache-5.1.1.tgz 1661ms (cache miss)
1581 http fetch GET 200 https://registry.npmjs.org/@babel/helper-string-parser/-/helper-string-parser-7.27.1.tgz 1668ms (cache miss)
1582 http fetch GET 200 https://registry.npmjs.org/@babel/helper-globals/-/helper-globals-7.28.0.tgz 1678ms (cache miss)
1583 http fetch GET 200 https://registry.npmjs.org/@jridgewell/resolve-uri/-/resolve-uri-3.1.2.tgz 1708ms (cache miss)
1584 http fetch GET 200 https://registry.npmjs.org/@jridgewell/sourcemap-codec/-/sourcemap-codec-1.5.5.tgz 1712ms (cache miss)
1585 http fetch GET 200 https://registry.npmjs.org/@babel/helper-plugin-utils/-/helper-plugin-utils-7.28.6.tgz 1738ms (cache miss)
1586 http fetch GET 200 https://registry.npmjs.org/@babel/helper-module-imports/-/helper-module-imports-7.28.6.tgz 1744ms (cache miss)
1587 http fetch GET 200 https://registry.npmjs.org/@babel/helper-validator-option/-/helper-validator-option-7.27.1.tgz 1758ms (cache miss)
1588 http fetch GET 200 https://registry.npmjs.org/jsesc/-/jsesc-3.1.0.tgz 1776ms (cache miss)
1589 http fetch GET 200 https://registry.npmjs.org/js-tokens/-/js-tokens-4.0.0.tgz 1788ms (cache miss)
1590 http fetch GET 200 https://registry.npmjs.org/browserslist/-/browserslist-4.28.2.tgz 1793ms (cache miss)
1591 http fetch GET 200 https://registry.npmjs.org/@babel/helper-validator-identifier/-/helper-validator-identifier-7.28.5.tgz 1813ms (cache miss)
1592 http fetch GET 200 https://registry.npmjs.org/@babel/compat-data/-/compat-data-7.29.3.tgz 1825ms (cache miss)
1593 http fetch GET 200 https://registry.npmjs.org/picocolors/-/picocolors-1.1.1.tgz 1857ms (cache miss)
1594 http fetch GET 200 https://registry.npmjs.org/@rollup/rollup-win32-x64-gnu/-/rollup-win32-x64-gnu-4.60.3.tgz 1960ms (cache miss)
1595 http fetch GET 200 https://registry.npmjs.org/@jridgewell/gen-mapping/-/gen-mapping-0.3.13.tgz 1889ms (cache miss)
1596 http fetch GET 200 https://registry.npmjs.org/semver/-/semver-6.3.1.tgz 1899ms (cache miss)
1597 http fetch GET 200 https://registry.npmjs.org/debug/-/debug-4.4.3.tgz 1905ms (cache miss)
1598 http fetch GET 200 https://registry.npmjs.org/gensync/-/gensync-1.0.0-beta.2.tgz 1912ms (cache miss)
1599 http fetch GET 200 https://registry.npmjs.org/convert-source-map/-/convert-source-map-2.0.0.tgz 1937ms (cache miss)
1600 http fetch GET 200 https://registry.npmjs.org/@jridgewell/trace-mapping/-/trace-mapping-0.3.31.tgz 1958ms (cache miss)
1601 http fetch GET 200 https://registry.npmjs.org/@jridgewell/remapping/-/remapping-2.3.5.tgz 2026ms (cache miss)
1602 http fetch GET 200 https://registry.npmjs.org/@babel/template/-/template-7.28.6.tgz 2035ms (cache miss)
1603 http fetch GET 200 https://registry.npmjs.org/react-refresh/-/react-refresh-0.17.0.tgz 2059ms (cache miss)
1604 http fetch GET 200 https://registry.npmjs.org/json5/-/json5-2.2.3.tgz 2064ms (cache miss)
1605 http fetch GET 200 https://registry.npmjs.org/@types/babel__core/-/babel__core-7.20.5.tgz 2061ms (cache miss)
1606 http fetch GET 200 https://registry.npmjs.org/@babel/helper-module-transforms/-/helper-module-transforms-7.28.6.tgz 2080ms (cache miss)
1607 http fetch GET 200 https://registry.npmjs.org/@babel/helper-compilation-targets/-/helper-compilation-targets-7.28.6.tgz 2171ms (cache miss)
1608 http fetch GET 200 https://registry.npmjs.org/@babel/code-frame/-/code-frame-7.29.0.tgz 2192ms (cache miss)
1609 http fetch GET 200 https://registry.npmjs.org/@rolldown/pluginutils/-/pluginutils-1.0.0-beta.27.tgz 2201ms (cache miss)
1610 http fetch GET 200 https://registry.npmjs.org/@babel/generator/-/generator-7.29.1.tgz 2203ms (cache miss)
1611 http fetch GET 200 https://registry.npmjs.org/rollup/-/rollup-4.60.3.tgz 2285ms (cache miss)
1612 http fetch GET 200 https://registry.npmjs.org/@babel/traverse/-/traverse-7.29.0.tgz 2255ms (cache miss)
1613 http fetch GET 200 https://registry.npmjs.org/@babel/plugin-transform-react-jsx-source/-/plugin-transform-react-jsx-source-7.27.1.tgz 2254ms (cache miss)
1614 http fetch GET 200 https://registry.npmjs.org/@babel/plugin-transform-react-jsx-self/-/plugin-transform-react-jsx-self-7.27.1.tgz 2274ms (cache miss)
1615 http fetch GET 200 https://registry.npmjs.org/@babel/parser/-/parser-7.29.3.tgz 2481ms (cache miss)
1616 http fetch GET 200 https://registry.npmjs.org/fdir/-/fdir-6.5.0.tgz 2520ms (cache miss)
1617 http fetch GET 200 https://registry.npmjs.org/react/-/react-18.3.1.tgz 2613ms (cache miss)
1618 http fetch GET 200 https://registry.npmjs.org/picomatch/-/picomatch-4.0.4.tgz 2623ms (cache miss)
1619 http fetch GET 200 https://registry.npmjs.org/@babel/core/-/core-7.29.0.tgz 2643ms (cache miss)
1620 http fetch GET 200 https://registry.npmjs.org/postcss/-/postcss-8.5.14.tgz 2655ms (cache miss)
1621 http fetch GET 200 https://registry.npmjs.org/glob-parent/-/glob-parent-5.1.2.tgz 2656ms (cache miss)
1622 http fetch GET 200 https://registry.npmjs.org/glob-parent/-/glob-parent-5.1.2.tgz 2657ms (cache miss)
1623 http fetch GET 200 https://registry.npmjs.org/@vitejs/plugin-react/-/plugin-react-4.7.0.tgz 2665ms (cache miss)
1624 http fetch GET 200 https://registry.npmjs.org/fdir/-/fdir-6.5.0.tgz 2645ms (cache miss)
1625 http fetch GET 200 https://registry.npmjs.org/picomatch/-/picomatch-4.0.4.tgz 2665ms (cache miss)
1626 http fetch GET 200 https://registry.npmjs.org/autoprefixer/-/autoprefixer-10.5.0.tgz 2735ms (cache miss)
1627 http fetch GET 200 https://registry.npmjs.org/vite/-/vite-6.4.2.tgz 2743ms (cache miss)
1628 http fetch GET 200 https://registry.npmjs.org/@babel/helpers/-/helpers-7.29.2.tgz 2874ms (cache miss)
1629 http fetch GET 200 https://registry.npmjs.org/@babel/types/-/types-7.29.0.tgz 3187ms (cache miss)
1630 http fetch GET 200 https://registry.npmjs.org/tailwindcss/-/tailwindcss-3.4.19.tgz 3289ms (cache miss)
1631 http fetch GET 200 https://registry.npmjs.org/@rollup/rollup-win32-x64-msvc/-/rollup-win32-x64-msvc-4.60.3.tgz 3473ms (cache miss)
1632 http fetch GET 200 https://registry.npmjs.org/axios/-/axios-1.16.0.tgz 3689ms (cache miss)
1633 http fetch GET 200 https://registry.npmjs.org/caniuse-lite/-/caniuse-lite-1.0.30001792.tgz 3870ms (cache miss)
1634 http fetch GET 200 https://registry.npmjs.org/react-dom/-/react-dom-18.3.1.tgz 4284ms (cache miss)
1635 http fetch GET 200 https://registry.npmjs.org/@esbuild/win32-x64/-/win32-x64-0.25.12.tgz 4667ms (cache miss)
1636 http fetch GET 200 https://registry.npmjs.org/lucide-react/-/lucide-react-0.468.0.tgz 11459ms (cache miss)
1637 info run esbuild@0.25.12 postinstall node_modules/esbuild node install.js
1638 info run esbuild@0.25.12 postinstall { code: 0, signal: null }
1639 silly ADD node_modules/@types/estree
1640 silly ADD node_modules/@rollup/rollup-win32-x64-msvc
1641 silly ADD node_modules/@rollup/rollup-win32-x64-gnu
1642 silly ADD node_modules/@esbuild/win32-x64
1643 silly ADD node_modules/rollup
1644 silly ADD node_modules/esbuild
1645 silly ADD node_modules/escalade
1646 silly ADD node_modules/is-number
1647 silly ADD node_modules/thenify
1648 silly ADD node_modules/thenify-all
1649 silly ADD node_modules/object-assign
1650 silly ADD node_modules/any-promise
1651 silly ADD node_modules/ts-interface-checker
1652 silly ADD node_modules/tinyglobby
1653 silly ADD node_modules/tinyglobby/node_modules/picomatch
1654 silly ADD node_modules/tinyglobby/node_modules/fdir
1655 silly ADD node_modules/pirates
1656 silly ADD node_modules/mz
1657 silly ADD node_modules/lines-and-columns
1658 silly ADD node_modules/commander
1659 silly ADD node_modules/queue-microtask
1660 silly ADD node_modules/supports-preserve-symlinks-flag
1661 silly ADD node_modules/path-parse
1662 silly ADD node_modules/is-core-module
1663 silly ADD node_modules/pify
1664 silly ADD node_modules/util-deprecate
1665 silly ADD node_modules/cssesc
1666 silly ADD node_modules/camelcase-css
1667 silly ADD node_modules/read-cache
1668 silly ADD node_modules/is-extglob
1669 silly ADD node_modules/binary-extensions
1670 silly ADD node_modules/to-regex-range
1671 silly ADD node_modules/reusify
1672 silly ADD node_modules/run-parallel
1673 silly ADD node_modules/fastq
1674 silly ADD node_modules/@nodelib/fs.scandir
1675 silly ADD node_modules/merge2
1676 silly ADD node_modules/@nodelib/fs.walk
1677 silly ADD node_modules/@nodelib/fs.stat
1678 silly ADD node_modules/fill-range
1679 silly ADD node_modules/picomatch
1680 silly ADD node_modules/readdirp
1681 silly ADD node_modules/is-binary-path
1682 silly ADD node_modules/braces
1683 silly ADD node_modules/anymatch
1684 silly ADD node_modules/sucrase
1685 silly ADD node_modules/resolve
1686 silly ADD node_modules/postcss-selector-parser
1687 silly ADD node_modules/postcss-nested
1688 silly ADD node_modules/postcss-load-config
1689 silly ADD node_modules/postcss-js
1690 silly ADD node_modules/postcss-import
1691 silly ADD node_modules/object-hash
1692 silly ADD node_modules/normalize-path
1693 silly ADD node_modules/micromatch
1694 silly ADD node_modules/lilconfig
1695 silly ADD node_modules/jiti
1696 silly ADD node_modules/is-glob
1697 silly ADD node_modules/glob-parent
1698 silly ADD node_modules/fast-glob
1699 silly ADD node_modules/fast-glob/node_modules/glob-parent
1700 silly ADD node_modules/dlv
1701 silly ADD node_modules/didyoumean
1702 silly ADD node_modules/chokidar
1703 silly ADD node_modules/chokidar/node_modules/glob-parent
1704 silly ADD node_modules/arg
1705 silly ADD node_modules/@alloc/quick-lru
1706 silly ADD node_modules/scheduler
1707 silly ADD node_modules/loose-envify
1708 silly ADD node_modules/source-map-js
1709 silly ADD node_modules/nanoid
1710 silly ADD node_modules/mime-db
1711 silly ADD node_modules/yallist
1712 silly ADD node_modules/dunder-proto
1713 silly ADD node_modules/math-intrinsics
1714 silly ADD node_modules/has-symbols
1715 silly ADD node_modules/gopd
1716 silly ADD node_modules/get-proto
1717 silly ADD node_modules/function-bind
1718 silly ADD node_modules/es-object-atoms
1719 silly ADD node_modules/es-define-property
1720 silly ADD node_modules/call-bind-apply-helpers
1721 silly ADD node_modules/has-tostringtag
1722 silly ADD node_modules/get-intrinsic
1723 silly ADD node_modules/es-errors
1724 silly ADD node_modules/delayed-stream
1725 silly ADD node_modules/mime-types
1726 silly ADD node_modules/hasown
1727 silly ADD node_modules/es-set-tostringtag
1728 silly ADD node_modules/combined-stream
1729 silly ADD node_modules/asynckit
1730 silly ADD node_modules/ms
1731 silly ADD node_modules/update-browserslist-db
1732 silly ADD node_modules/node-releases
1733 silly ADD node_modules/electron-to-chromium
1734 silly ADD node_modules/baseline-browser-mapping
1735 silly ADD node_modules/proxy-from-env
1736 silly ADD node_modules/form-data
1737 silly ADD node_modules/follow-redirects
1738 silly ADD node_modules/postcss-value-parser
1739 silly ADD node_modules/fraction.js
1740 silly ADD node_modules/caniuse-lite
1741 silly ADD node_modules/@types/babel__traverse
1742 silly ADD node_modules/@types/babel__template
1743 silly ADD node_modules/@types/babel__generator
1744 silly ADD node_modules/@jridgewell/resolve-uri
1745 silly ADD node_modules/@jridgewell/sourcemap-codec
1746 silly ADD node_modules/@babel/helper-string-parser
1747 silly ADD node_modules/@babel/helper-globals
1748 silly ADD node_modules/@babel/helper-plugin-utils
1749 silly ADD node_modules/@babel/helper-module-imports
1750 silly ADD node_modules/lru-cache
1751 silly ADD node_modules/browserslist
1752 silly ADD node_modules/@babel/helper-validator-option
1753 silly ADD node_modules/@babel/compat-data
1754 silly ADD node_modules/jsesc
1755 silly ADD node_modules/@jridgewell/trace-mapping
1756 silly ADD node_modules/@jridgewell/gen-mapping
1757 silly ADD node_modules/picocolors
1758 silly ADD node_modules/js-tokens
1759 silly ADD node_modules/@babel/helper-validator-identifier
1760 silly ADD node_modules/semver
1761 silly ADD node_modules/json5
1762 silly ADD node_modules/gensync
1763 silly ADD node_modules/debug
1764 silly ADD node_modules/convert-source-map
1765 silly ADD node_modules/@jridgewell/remapping
1766 silly ADD node_modules/@babel/types
1767 silly ADD node_modules/@babel/traverse
1768 silly ADD node_modules/@babel/template
1769 silly ADD node_modules/@babel/parser
1770 silly ADD node_modules/@babel/helpers
1771 silly ADD node_modules/@babel/helper-module-transforms
1772 silly ADD node_modules/@babel/helper-compilation-targets
1773 silly ADD node_modules/@babel/generator
1774 silly ADD node_modules/@babel/code-frame
1775 silly ADD node_modules/react-refresh
1776 silly ADD node_modules/@types/babel__core
1777 silly ADD node_modules/@rolldown/pluginutils
1778 silly ADD node_modules/@babel/plugin-transform-react-jsx-source
1779 silly ADD node_modules/@babel/plugin-transform-react-jsx-self
1780 silly ADD node_modules/@babel/core
1781 silly ADD node_modules/tailwindcss
1782 silly ADD node_modules/react-dom
1783 silly ADD node_modules/react
1784 silly ADD node_modules/lucide-react
1785 silly ADD node_modules/axios
1786 silly ADD node_modules/postcss
1787 silly ADD node_modules/autoprefixer
1788 silly ADD node_modules/vite
1789 silly ADD node_modules/vite/node_modules/picomatch
1790 silly ADD node_modules/vite/node_modules/fdir
1791 silly ADD node_modules/@vitejs/plugin-react
1792 verbose cwd C:\Local Disk D_22420261652\LENOVO BACKUP\VOLUME D BACKUP\Project\rag-chatbot\frontend
1793 verbose os Windows_NT 10.0.26200
1794 verbose node v24.14.0
1795 verbose npm  v11.9.0
1796 notice
1796 notice New minor version of npm available! 11.9.0 -> 11.14.0
1796 notice Changelog: https://github.com/npm/cli/releases/tag/v11.14.0
1796 notice To update run: npm install -g npm@11.14.0
1796 notice  { force: true, Symbol(proc-log.meta): true }
1797 verbose exit 0
1798 info ok
